portrait,topic
tb.1.102205d8.Mwleog6rvyyvl_D925eBaQ,"(0.03395437189616117, 0.33738559129627177, 0.29036839794770186, 0.04256540131459175, 0.03358789131780861, 0.26213834622746485)"
tb.1.104b8f66.8T2-6AHocjpQ8iUcDd872A,"(0.03960601954464095, 0.23256040277688705, 0.37009615453854144, 0.34830507445496217, 0.008282463279989495, 0.0011498854049787417)"
tb.1.10538af1.dWuLO9kjLtMvvWSokvO4oQ,"(0.0312671248511718, 0.9071135981277714, 0.01086471029978189, 0.017588130654523883, 0.008596297831197537, 0.024570138235553488)"
tb.1.11909459.9mNfIFHhZ0tkbriXLlwbDQ,"(0.09109071082481539, 0.5568889522966448, 0.004938276816572233, 0.008788393120022652, 0.008253378318210377, 0.33004028862373463)"
tb.1.13c0b8c7.yEl_ZQIzxtM9oYQv3-i9vA,"(0.528925926768008, 4.972926208255905e-08, 1.2172723320587055e-05, 0.00010617053239830176, 0.47095561208278963, 6.816422150406799e-08)"
tb.1.13d7446.450AKlvAxHZA4dpkoinstw,"(0.32922821334349345, 0.15171127707676518, 0.046582962018047305, 0.12264520375479201, 0.2084209517759412, 0.1414113920309608)"
tb.1.1564e0cf.eUwADDZFXQZhyETFzA9TIw,"(2.1933885385137784e-08, 6.945498906192899e-05, 0.1428593955107463, 1.9840539761113665e-08, 0.1428316776417975, 0.7142394300839691)"
tb.1.15907f61.68o_74J8hzgKMzXRZOV7Ug,"(0.4080403111943016, 0.0844444273349395, 0.2166562293041236, 0.21328795265034312, 0.06829290571257869, 0.00927817380371338)"
tb.1.15bc8280.9YSTedfWXOJ2QCPScPqtBA,"(0.41299169814398917, 0.11576905306665622, 0.26711241912626543, 0.16888960825314797, 0.021740785420728877, 0.013496435989212234)"
tb.1.15c1b0fc.i2I27WrCMPqL8u-qIGQWSA,"(0.06907427395732997, 0.1267871640321599, 0.2629695473894036, 0.41821128236117994, 0.12057432130522072, 0.0023834109547059713)"
tb.1.1681522b.qK28vT6vO3EfIcAY1zR5_g,"(0.22348892488886907, 0.24628053218209997, 0.03482866185433539, 0.40603698483172246, 0.060349143441575076, 0.029015752801398047)"
tb.1.16b50ae0.SMmkiUjXz8htLndAhIcJfw,"(0.08115455013502922, 0.08965052646197147, 0.09189565084735872, 0.449019237271343, 0.23224007662108026, 0.05603995866321739)"
tb.1.1835ee90.C6yZYO5Uo6dBcbY2uAg6oA,"(0.04802077401902732, 0.006517886839907705, 0.12978247039594615, 0.27106687741987445, 0.48635847235432206, 0.05825351897092235)"
tb.1.18ddb386.ECaZN4iGV-5C5vWD0Vofug,"(0.0910614772055167, 0.053582784897885774, 0.3436284878386901, 0.2132948040228655, 0.29837649387835563, 5.5952156686202196e-05)"
tb.1.18e627fe.6HYUTvTNa7l0mSpBcy46cw,"(0.10481618669921051, 0.019732281595785266, 0.015584662663812955, 0.054925066996295735, 0.7940974739369603, 0.010844328107935319)"
tb.1.1921028e.CMH-o24kmksaIxiWKt3A2g,"(0.06710063453201646, 0.05584318664770781, 0.09848711294646924, 0.7505180348653842, 0.028031301844902667, 1.9729163519582566e-05)"
tb.1.19346f23.sfRSSWzz2MVcrWZDxm6hzw,"(0.07732989093292601, 0.1828599646632519, 0.30864348266357544, 0.11277114591186045, 0.2590649090612887, 0.059330606767097456)"
tb.1.1a72ed43.v491xtQC9Lf4zWp3aAjTGw,"(7.342969521771093e-05, 0.36804359828847977, 9.636348702199756e-05, 9.211097835573227e-05, 0.6270573027150819, 0.004637194835842909)"
tb.1.1c1d958.-Q9IMeB4fFfWHLe5BIFEng,"(1.4319726546735765e-07, 1.6490024345141116e-07, 0.9997771766982858, 0.00022210639501895238, 1.8277935514544965e-07, 2.26029831330212e-07)"
tb.1.1e33688c.jdD1TPT-Fm20nlw3B3BNOw,"(5.1107308982021715e-05, 0.00628504256585201, 0.03179500901810693, 0.05703414015774187, 0.9048244635066915, 1.0237442625488769e-05)"
tb.1.1e7b98bc.3x5ypqrV9-6iUXpVNgbGbw,"(0.0586699705710937, 0.19737236216894155, 0.36710092499136365, 0.16106433974481624, 0.17879105287160746, 0.03700134965217743)"
tb.1.1fbbb18d.Nl-5QbdfLHZr7bXBYQ25rA,"(0.09997085612298848, 0.10584301906297135, 0.6885682639145623, 0.07025719111178151, 0.035219860590297046, 0.0001408091973993314)"
tb.1.20222032.fzWfa-y0OR-EyrTBV2acBA,"(0.1599203668445278, 0.04321150599868216, 0.09656054032461345, 0.20609398717722188, 0.4370316943762835, 0.057181905278671216)"
tb.1.20706fec.i1DynVZhTTKFpRjiA-zdIQ,"(2.3476116091520783e-08, 2.703415631681757e-08, 2.547545086339855e-08, 0.0002006021419181251, 0.9994863786020318, 0.0003129432703266627)"
tb.1.20a9af6f.UgPIy5MgJF9g_8fzZ1y-qQ,"(0.021309110972604975, 0.001989023844823659, 0.006630743429651616, 0.00010837414628405303, 0.9683268898947923, 0.0016358577118433123)"
tb.1.221895b2.W9cVPeACyGaaegVeFmxYRQ,"(0.4474010306253612, 0.0039089609265453495, 0.09175150263202811, 0.1194469507162083, 0.2798123447156029, 0.05767921038425424)"
tb.1.225b909b.j-KMbfnKUjVoksaJCqZZ6Q,"(0.11721858689214, 0.06206196841289886, 0.07384749326362203, 0.055427582118445194, 0.04986365612951238, 0.641580713183381)"
tb.1.23e50b3d.nnIpnXn_ZB7BqPN5XxrknQ,"(0.39650119294159997, 0.07795366943233366, 0.11093629773063153, 0.22451086454134855, 0.17641263090574805, 0.013685344448338257)"
tb.1.245726e8.pp7NiyAmmNydEEI172dNMQ,"(0.09941174329357223, 0.05087800485432269, 0.653528826310062, 0.1712104750210498, 0.010140655677647846, 0.014830294843345238)"
tb.1.254b5f5.Wi8H9zEOUDvud2CnNOrlGQ,"(0.2600391768856941, 0.04025002145778407, 0.05558898012432206, 0.34382051200431235, 0.2690654380450662, 0.031235871482821073)"
tb.1.28054b94.1GVwey68p-IW9OJFEWv_Fw,"(0.9281036378097414, 7.191502381032431e-08, 6.776862698986282e-08, 0.07175188822714851, 0.00014423570507052452, 9.857438874397655e-08)"
tb.1.2811b283.docKYCVBTDjhVqYuS6LBtg,"(0.5851585274402179, 0.0008345019184508263, 0.4010722106408781, 0.01147273441525488, 0.0014472718817446113, 1.4753703453568758e-05)"
tb.1.2956ca61.X9rY02UrbvIZ6d0HPugnlA,"(0.09287257500453223, 0.25738421138002093, 0.428437755177918, 0.14684634275177355, 0.046052534254694924, 0.028406581431060576)"
tb.1.29a875c3.Wj_Xsn3QWO-iwmc5tfQseA,"(0.02187251767818209, 2.2664691499815625e-05, 0.09378787886810586, 0.28381481994230306, 0.6004437167912797, 5.8402028629467565e-05)"
tb.1.29d79c93.OHYjp_TnUx-ITheVHcYt8Q,"(0.00020268549086788874, 8.781699759852203e-05, 6.533236033607068e-05, 0.00016337373409630742, 0.9991862030168419, 0.00029458840025945663)"
tb.1.29e1c898.tnk9cyk47cqWKj2jDW4-RA,"(0.10314415029243909, 0.2170494456975857, 0.23356442268079428, 0.2894488880418642, 0.12550975893047617, 0.0312833343568405)"
tb.1.2b5badf4.w3ZbziFmn5dBttkGgv2mQA,"(1.5412336741176163e-05, 0.06685343954240666, 0.018969955369348018, 0.9032786397424565, 0.01088255185247777, 1.156569874499195e-09)"
tb.1.2bd54522.y5PFbtm6yP-hAtazHLLHIQ,"(0.16579217315637376, 0.18696999226611055, 0.25609036380549044, 0.2470305005800898, 0.031217297094193804, 0.11289967309774158)"
tb.1.2c24d034.dI0qJI3aUrAonPU5Lp6CMw,"(1.5837476430852635e-06, 0.32667129122668304, 6.933610185957629e-05, 0.6161784539742484, 0.01743851701941644, 0.039640817930149445)"
tb.1.2d72a4c3.axrIylMbDFxNmPaXjl1iNg,"(0.5659202279726441, 0.0020412893249340163, 0.05948782154972132, 0.3147816405266935, 0.05385055472065954, 0.003918465905347512)"
tb.1.2e2a2468.vsqt7dQ1FMAOw1k5NJvTog,"(0.16926254189728163, 0.06564906408726394, 0.2875974554420149, 0.09561211329160728, 0.3435348882197661, 0.03834393706206605)"
tb.1.305cec69.A2QTx4zp14U2HermlecKKA,"(0.32150532545290644, 7.535620503439735e-08, 0.6784525474892761, 4.18648837629152e-05, 8.352661144768955e-08, 1.032912381274228e-07)"
tb.1.30f678f2.9NBuF11ZgV4mEuiVw8pf6g,"(0.10458391007037054, 0.03803835709153874, 0.03139610974805403, 0.21082062877962088, 0.4828849183383804, 0.13227607597203536)"
tb.1.312f881.PjAHmhlyLvJAUnhdiGYTWg,"(0.03985124187894227, 0.15965405525859003, 0.07224893573686053, 0.47236279377514073, 0.051049991468394694, 0.20483298188207175)"
tb.1.31a51eb4.8V8M1j9vIA_NKrRcFyo_dQ,"(0.02517028927786651, 0.002380510942339729, 0.034255213101038406, 0.45795942422970604, 0.4802288623732791, 5.700075770170962e-06)"
tb.1.31b68e49.mSLxTLPg_WZtS7RNJaCvkw,"(0.5001773477034211, 0.010426424270553295, 0.01870394009343485, 0.17093451410163502, 0.20106389496014188, 0.09869387887081373)"
tb.1.3255b4ec.SQmyPbZkO6QZuJ8mn90o4g,"(0.02542063322008119, 3.2698962256911988e-06, 0.06959468865579874, 0.7798723350201247, 1.2128044084834297e-05, 0.12509694516368494)"
tb.1.326e6f3e.VkXGa3kb-P9RcRYthHGEYA,"(0.08126745133601856, 0.049145838879117304, 0.39293745992028845, 0.21962113998616206, 0.07622644461179788, 0.1808016652666158)"
tb.1.332c8d9e.u3T2u_1CfdeOyMQ-FzlFxA,"(0.4425900833252457, 0.1884211385392589, 0.055273789741511134, 0.11987340964516152, 0.02403087275068095, 0.1698107059981418)"
tb.1.33a7fce9.vB_a6hHK_SDo1Oewflg08A,"(0.18423773022967074, 0.10293838699192037, 0.06998231366229651, 0.19561943792406472, 0.28261729750494846, 0.16460483368709922)"
tb.1.33f04bd0.4hC4FbKVO9Vouc0rENIjGQ,"(0.0770397784845803, 0.16946891713617943, 0.15918350324836142, 0.18703290372575845, 0.38479632363533245, 0.0224785737697881)"
tb.1.359b94d2.NYj8oetT7wDbLXe8dYP9ZA,"(0.32273487541755247, 0.024617689739041323, 0.13070583522371831, 0.2951459983299002, 0.1540888604287492, 0.07270674086103833)"
tb.1.368f3a45.yAmfgD7Hmt66coP66t-RwA,"(0.35949482001750577, 0.027749760932387773, 0.16669042301359535, 0.21072529520998293, 0.11358591493534068, 0.12175378589118747)"
tb.1.3749ccc6.NX_gBA9YFKEiKjShlJv9lA,"(0.2671054184691103, 0.006815347730487755, 3.99971023716209e-05, 0.2657117105056328, 0.4404973149953343, 0.019830211197063182)"
tb.1.380959ee.FFxCEcVfQ90_4o1eLnObvA,"(0.06738578888360867, 0.043010601419492395, 5.199436238767485e-09, 0.6932429554702223, 0.051525178449145996, 0.1448354705780943)"
tb.1.38d5acf4.VXTZdtwZUKbIuUpvKSWsYQ,"(0.08082812477770943, 1.3828832390232053e-05, 0.08351593797311069, 0.8354213902604561, 0.0001342436179931452, 8.647453834034101e-05)"
tb.1.395dfdab.-el5OqGYdXIVsND-SsMfVg,"(0.6148511510300614, 0.01863047460604466, 0.007708417474072668, 0.20693723000160716, 0.036545516372709724, 0.11532721051550446)"
tb.1.396c55d6.e62w-mzp_W5wEqMDTtZPmA,"(0.13619116794619807, 0.0760454887928498, 0.29324693124094137, 0.06554821300637295, 0.02781136645617335, 0.4011568325574645)"
tb.1.3a620113.by3VIsCLK7N66a3yqAGmNw,"(0.35338558504904016, 0.06614583490715739, 0.2086640081084213, 0.22249521349410128, 0.11914547958559521, 0.030163878855684598)"
tb.1.3a99277d.fEpu2YiazAlhDuqWrWXgFQ,"(0.10471309428071052, 0.017642444919794262, 0.4028980258697225, 0.15156379692552321, 0.2941751018842622, 0.029007536119987222)"
tb.1.3aacc092.xHc7Cm6nxOJSyx0LRo9-0A,"(1.591653154402748e-05, 1.0382805256581327e-05, 0.08767287092395627, 0.19565640832043174, 0.7165808257232456, 6.359569556578485e-05)"
tb.1.3b669eef.Ix9YbIn7Nb6OkQQ2w07e2A,"(0.8913585705092686, 0.0005875406382457323, 0.003432434117897749, 0.09010624197322388, 0.013380568725460678, 0.0011346440359032018)"
tb.1.3bab6747.vMDt-XVf7S2WZXfJK1Me7A,"(0.00015916850803309043, 0.9802175145886772, 0.018608506103347907, 0.00019129548324923047, 0.0001875383621140433, 0.0006359769545783467)"
tb.1.3bc86578.KyeOGG4c6whOer5tf1FkgA,"(0.514094549273154, 0.008002823855886097, 0.20391514866172245, 0.024775165190489563, 0.22479955276246552, 0.024412760256282307)"
tb.1.3c214c1a.YRR--wvhCv96Cp9rBQFr8Q,"(0.03868599746497136, 0.4484385190338876, 0.04418833735740889, 0.00946467829333075, 0.265527779561849, 0.19369468828855244)"
tb.1.3c9ca79e.gjcK4Gr5CzfUpcA4Oxe58A,"(0.3477033608165577, 0.013460672711303159, 0.33155471270359504, 0.2737691054263287, 0.021068030582102604, 0.012444117760112935)"
tb.1.3d3b474f.kV4BJ2IFbINsoTIjScEHSQ,"(0.9996094412491217, 0.00015633997751559665, 0.0001276926839187395, 0.00010644084119982263, 3.811465004657101e-08, 4.713359402313756e-08)"
tb.1.3e4107c4.Y2xtPv56TpaP4DukZnAApw,"(0.003253953233118174, 0.03516361552041833, 0.08335622730383055, 0.793794414181034, 0.0218290426896083, 0.06260274707199068)"
tb.1.3e7120d6.80zI7BIq_TBznXVWM26vwg,"(0.038766644039976, 0.1604123632206933, 0.015917921341404847, 0.1562041735135833, 0.3124196766719757, 0.316279221212367)"
tb.1.3e9883f6.k4pJQCKwBJ0AH9eE36ZTiA,"(0.06536473230334218, 0.03175910664036568, 0.10654891098257026, 0.39258475714099195, 0.34239781447411366, 0.06134467845861625)"
tb.1.3f205bb8.qFF_vZwZcBXj7Lg6t5RncQ,"(0.025384881252887157, 0.009784720517945275, 0.02627257757499482, 0.11589792933111569, 0.7118238206472489, 0.11083607067580797)"
tb.1.3fbe0ae.9MjCWOXdUaZwg5ps77urYA,"(0.1052320427109964, 0.003589041240721953, 0.38663128226808735, 0.12133870822325855, 4.870097516449051e-05, 0.3831602245817712)"
tb.1.403cd79b.KxxaGkriTX6osg1f8mhwFQ,"(0.05545657710889876, 0.05919049072282518, 0.03564248632736748, 0.3030579821395981, 0.21882239963023256, 0.32783006407107784)"
tb.1.40a9c3dd.J6iY381bky4IOG6UuhkEfw,"(0.11533474808697945, 0.1821868218144495, 0.07603120074325112, 0.4052485113337603, 0.20932202193365262, 0.011876696087907005)"
tb.1.40be78cd.i6BXJqoQ1pKKu5E_bN5F-w,"(0.30384908772717156, 0.12868703085071256, 0.16999587450175024, 0.20608501068892587, 0.17239489765803886, 0.01898809857340095)"
tb.1.41301e02.NnKqQcp1mNoL3b7JsAII1g,"(0.10030272827220026, 0.030158053278283987, 0.2066032554059746, 0.022559126699271025, 0.013550920139695891, 0.6268259162045743)"
tb.1.4152fd9.zUBk5oyGusLJpBCFyA8N3w,"(0.06661258472290171, 0.04950153861447377, 0.37196883174979456, 0.06927046202219471, 0.013618336989488177, 0.42902824590114697)"
tb.1.4198b2e6.6Otjgj8D-uD7EezolDVnPg,"(0.31868902011475125, 0.020792218932035332, 0.15434627021650654, 0.27559141933494363, 0.1283783885538369, 0.10220268284792637)"
tb.1.419fc31e.IN629fPUpcpWLQ5mmVJGWA,"(0.11069691690432176, 0.016988393301606612, 0.011078322747797338, 0.16212475073336502, 0.5668107270934545, 0.13230088921945482)"
tb.1.4248a8e1.P_LDc8OAj7H2W1YElGb1-A,"(8.435915342667452e-05, 9.714462697323371e-05, 9.469803009535413e-05, 0.00018674553394895684, 0.00020043766124313355, 0.9993366149943126)"
tb.1.42b8d1f6.4gInKr-_JUY6wq3NXHM7EA,"(0.114554747224043, 0.12910564924076137, 0.23086514057237525, 0.3174530664197661, 0.15403866767916471, 0.053982728863889606)"
tb.1.43b7a67b.oQNh60jmUTANe0PfqtYxJQ,"(0.1353182853738496, 0.07578515790432958, 0.18764954425812308, 0.3263353152603741, 0.23121526158055014, 0.043696435622773616)"
tb.1.43dd1919.elY5_Kq7peNA0twBYIPrYQ,"(0.00018211640300231068, 0.000266996842661511, 0.00023714468208780508, 0.9990938724901148, 0.0001258851091865473, 9.398447294701078e-05)"
tb.1.442a421c.knTwt80QOk_krUC2iRO--w,"(0.1922203450889056, 0.12534056127076332, 0.3345096119297292, 0.039973071651801216, 0.30795149482310497, 4.915235695780306e-06)"
tb.1.4449bb43.3AWvqyml-VbPKy7WTsrK0A,"(0.3603379952543924, 0.06660979604945076, 0.0852894651791845, 0.22991389559307213, 0.21483952987443328, 0.0430093180494669)"
tb.1.446757ec.AgPQ03Fuk8eNzHU0vNa9bg,"(0.04040172841826155, 0.0054074981030647305, 0.6704867382406422, 0.26292411325119763, 0.017271391140235678, 0.003508530846598197)"
tb.1.459c2ae7.PJCxr6cLOLiTXRZjdM8aGA,"(0.2023632300688235, 0.03006497580122615, 0.09125600167323863, 0.1605995545924496, 0.4545041386450336, 0.06121209921922846)"
tb.1.460da379.dPU9N50uDUD6Ki9TPNTKDw,"(0.1892137497613236, 0.03766427928387677, 0.21119384653705492, 0.14951271261458537, 0.33789055500501725, 0.07452485679814207)"
tb.1.467cf3cb.ZfpG2sKy_heKn3eQqHSy5A,"(0.21035768791084378, 0.03138504405171387, 0.011218778238930143, 0.5783580749738059, 0.023148530433170347, 0.14553188439153605)"
tb.1.468916a3.5z52FEhPqASOwU8mbB6F1g,"(0.0007803313305219567, 0.006795150951830569, 0.34786662572386867, 0.6373880237687748, 0.007168957681425612, 9.105435782186076e-07)"
tb.1.46faf4be.GsJbH1zQH96SBlDISccJ5Q,"(0.2513166692720234, 0.016709457672010836, 0.4869256608583808, 0.18884207862446145, 0.034327372545373006, 0.021878761027750555)"
tb.1.4773b1e8.Oa5aRCH8nBuWEnQ522QFbA,"(0.1770895715925177, 0.04625172194930515, 0.25188456091217004, 0.2246118215456268, 0.11303485957187999, 0.18712746442850034)"
tb.1.48db5f.qhl_qXsqdF0nz65-upMyBw,"(0.3544058719708175, 0.02036252097240383, 0.04510253420278986, 0.05527226976265346, 0.1242921739269194, 0.4005646291644159)"
tb.1.49c6c501.wjyxCScXDmN9R4CUZNhnNw,"(0.034058390066885796, 0.18009169683839882, 0.6245006716785999, 0.12143942945290823, 0.03352561987625131, 0.006384192086955818)"
tb.1.4af62980.tHZl4OgU5beNmjAOLB-lqQ,"(0.045690646191482526, 0.2205590168982916, 0.644486592666261, 0.03019312977388637, 0.0407791370432063, 0.01829147742687222)"
tb.1.4b102447.PqxNsTr4ytAGzvxfWAzXhw,"(1.2984299982394462e-09, 4.3362876747482194e-05, 0.6510233522298308, 0.3488785877506875, 5.469379479675646e-05, 2.0495078068585763e-09)"
tb.1.4c134c8d.OTTcVzBiT-2EygMqUN0LNA,"(0.00013372008835027234, 9.40432928667456e-08, 0.9996929865905011, 7.387188281850363e-08, 9.486995643191766e-05, 7.825544954098544e-05)"
tb.1.4c971e32.6jFYy7F7EWFETLYbrqsBjw,"(0.08950901005736794, 0.07865210377983219, 0.3176064504968613, 0.2888667004224146, 0.1674916204018529, 0.057874114841671154)"
tb.1.4d077a6d.AoIE-mP22rql8WNg0HE_Vw,"(0.7949642036509501, 0.015062261092330251, 0.02297884802850972, 0.06706133432841502, 0.08735019406078676, 0.012583158839008127)"
tb.1.4e160369.U1mhWh8NJaX_s-w0lxa1qw,"(2.3966401795896367e-08, 0.9642929064847408, 2.6007491569031205e-08, 0.035690607021113534, 1.639869046734083e-05, 3.782978493226464e-08)"
tb.1.4e566e78.C-RRaPyXesN2GRVxVG9P1g,"(0.14049342529920147, 0.29907762466314897, 0.15212776853542007, 0.1718513238581103, 0.0923722405064833, 0.14407761713763587)"
tb.1.4e9b137f.7Qd5SRhqozy5puuh6nf_jA,"(0.1732766055146866, 0.18551719552171486, 0.5627737669144773, 0.07242741659058208, 0.0058599413885342885, 0.0001450740700047905)"
tb.1.4efaee32.-d6klcfuFFeq09WNg1dqUg,"(0.06368040030992032, 0.1737223742182597, 0.16153330239406322, 0.23539922334802799, 0.3451620646486831, 0.020502635081045495)"
tb.1.50c94552.VE5zDbNsTyGEjVoopPLfJw,"(0.19254633427630222, 0.12776740496593514, 0.19850739151266927, 0.20789886246408137, 0.2038219379408849, 0.06945806884012705)"
tb.1.50e0a6a3.7nF9Np2C4jOD_vUJ9WVXyA,"(0.03292691950631431, 0.005803384744849781, 0.7688034786792832, 0.1749926198295796, 0.015515010983239055, 0.001958586256733911)"
tb.1.50e544ad.sNCdEDMVB73Zo6LozFu05w,"(0.1716032630832528, 0.23385087032359317, 0.04966374154530684, 0.21734542642392368, 0.3174475432833469, 0.010089155340576807)"
tb.1.513d0cc0.0Eq8MOhA-7rPRvET12XUHw,"(0.28491951237225044, 3.7380363448411434e-05, 4.1043091940197985e-06, 3.274628376510882e-05, 0.7150061911108752, 6.556046682202849e-08)"
tb.1.5148a871.f4C5gH1kZ4khf2BUZQQ6Dg,"(0.3237924964974117, 0.15638106240071942, 0.06949275256587742, 0.3303892250994681, 0.09657780648271894, 0.023366656953804448)"
tb.1.51840ab8.7QHaqZGX8LHFCYPtuhfUnw,"(5.528601272888616e-05, 0.02449438357114052, 0.8168943719970002, 0.08636411051944459, 6.415354746066306e-05, 0.07212769435222506)"
tb.1.525cad64.FJR493YM2__jTe1CA3x4uw,"(0.23916635285958987, 0.11313762803246864, 0.022341716741521984, 0.5110632588172911, 0.07698022935383517, 0.037310814195293314)"
tb.1.52788d22.mQ2Zg7KA36X98LZt39xfrw,"(0.15498533071731083, 0.2536758717272743, 0.045559017128126024, 0.01913129072730693, 0.5228840873558217, 0.003764402344160182)"
tb.1.538b0aa8.NDR8n3LjX8DLnr8mPbdxWg,"(0.012595106511773372, 0.5514297326550455, 0.033225583147366816, 0.00952998530176898, 0.040277653688792665, 0.35294193869525275)"
tb.1.545aa22d.Xd-VPPy6E4grY9w3J_pesA,"(0.13850714407264128, 0.19574204807405984, 0.43788436701775535, 0.06616598820710791, 0.005419360457854754, 0.1562810921705809)"
tb.1.566ac2d7.iuBRT_m4G3OMmaeVPogy3w,"(0.15417973996001677, 0.16226609546635304, 0.27431554187484675, 0.13639531309449068, 0.264637939047671, 0.008205370556621629)"
tb.1.56bf6e7c.9IYpGtXzVustEYUrpd9_Ow,"(0.767851980412938, 0.04185995247099897, 0.055312811119324845, 0.10484608947014568, 5.01749323877933e-05, 0.030078991594204733)"
tb.1.56daa51b.6yYklVRWkMWCJbGaGGllXA,"(0.14993196302236536, 0.019970104838587743, 0.09964469088173179, 0.11768293026570827, 0.286605267428762, 0.3261650435628449)"
tb.1.577a9e7b.O7Ua3ZtAX-iTqEK7GVB6SQ,"(0.04374729263911335, 1.8640388968982577e-05, 0.6557132332196745, 0.0327053997439974, 0.25365529092488515, 0.01416014308336071)"
tb.1.57c48858.bSO7zhronXxXqzoKlGD1OA,"(0.11995664490921545, 0.0031452435757345462, 0.03865464742023553, 0.4180405118201812, 0.008818594711799835, 0.4113843575628335)"
tb.1.5868ac00.EcDg6oME4v8FtvRKGH-Mew,"(0.5366246314315439, 1.290749398709973e-05, 8.399002339736593e-05, 0.15587973428718588, 4.643531668386e-05, 0.3073523014472017)"
tb.1.596518d3.xYyzDc7koOxKbVYOUBVkXg,"(0.0665950815178205, 0.7132865462267284, 0.09024762839667584, 0.1297339594010367, 3.1169671355144694e-05, 0.0001056147863835755)"
tb.1.5b77b030.s7u47dF3-ExfnJbK85kBgg,"(7.920764496898001e-09, 6.109736553133253e-05, 8.595333485088637e-09, 0.9999007756945668, 3.8097921267114155e-05, 1.2502536674824277e-08)"
tb.1.5b81df34.MjrxlCbRpMooGZazVE0OFQ,"(0.07636008385383614, 0.18800058752903642, 0.0897495299803629, 0.1713418696952321, 0.37473109177474584, 0.09981683716678649)"
tb.1.5bbd0588.0hIpR8y1yrb7Lj_IxJ407g,"(0.17614108905916387, 0.22283806703906056, 0.16596192710569782, 0.3146856432950085, 0.09855194178363742, 0.02182133171743197)"
tb.1.5c17552e.Iv9AQtRsstJxJMuOwgt0ng,"(0.13642961154105182, 0.0002597147682097933, 0.31252655072238, 0.13960178400144746, 0.06477286811158132, 0.3464094708553295)"
tb.1.5c415646.X6qfwAyyZ3W2PXytJJCpKA,"(0.013508634467303174, 0.16332362442936907, 0.5299532053294358, 0.1957874661238897, 0.08968152860667553, 0.007745541043326614)"
tb.1.5c43725e._UwVxKmhBae41ErbR-VIIg,"(0.029503223220183443, 0.21005213580732945, 0.6892362363335323, 0.03225235475326059, 0.038942986411463584, 1.3063474230670314e-05)"
tb.1.5da9d684.k14GKRkAJ2SDtwMEUAPY7A,"(0.02945357360763712, 0.1503745970580921, 0.0067292604573748185, 0.02084073255107214, 0.026520772861226283, 0.7660810634645976)"
tb.1.5f3d8665.qslBNCaG2TpjFe2LJ03YFQ,"(0.25633092691487136, 0.0035508835155366827, 0.3155203643397415, 0.3312559151541591, 0.09045098310382133, 0.0028909269718699403)"
tb.1.600a5594.E47AS8dv3uQdxEoab95o7A,"(4.821253292883181e-08, 5.551962456424028e-08, 0.0002472720780713883, 0.999551170164724, 0.0002013779239381941, 7.610110884687439e-08)"
tb.1.605d9238.9ZJQeTIXmTx5v0tezh0kHg,"(0.12054358692481205, 0.2920650901775708, 0.11175505818490604, 0.22309030812953945, 0.2130913272146311, 0.03945462936854055)"
tb.1.60ab2f33.50qZp_haJZrHXisb-s05Bg,"(0.11570272450893065, 0.01292222723209767, 0.043687280608232786, 0.23528131610282438, 0.5479992782955386, 0.04440717325237583)"
tb.1.60afe7d8.dfxQM3OMjF5HFSWyTP30cw,"(0.0986304923430957, 0.2905155175811436, 0.24064600114691198, 0.3701922482032965, 1.3118699773605358e-05, 2.6220257786648444e-06)"
tb.1.60d17db0.o34newkrXrsxbDk0gRJh9w,"(0.14016980064845938, 0.06879147495089605, 0.1469417323193973, 0.3645268039139774, 0.2699547788176492, 0.009615409349620636)"
tb.1.60e44bbc.jttfBUQteUCApLDgJqy3LA,"(0.18947084228459593, 0.2726338173467013, 0.10529177381807457, 0.2656174555116252, 0.11880293079476979, 0.04818318024423318)"
tb.1.612dbe36.2UzDRldTWSB3EI8tVxiIng,"(0.013497506252041604, 2.3778093418652097e-06, 0.22060274410148834, 0.5186198392464939, 0.1574452889008924, 0.08983224368974187)"
tb.1.614fea95.mwFzLaS4lkZTCITEYP6Qvg,"(0.02176435994605366, 0.035641703132712435, 0.025929399609790446, 0.8955652475325147, 0.02105710777153797, 4.2182007390699215e-05)"
tb.1.617e79a6.o8oqyKtJjcTfwMrGfLS48g,"(0.2320984094327223, 0.01940780779688453, 0.13426394343687575, 0.1303197918887548, 0.2226891858196442, 0.2612208616251184)"
tb.1.621d4cba.m8RbffOOmpxpMAuw4N1D1A,"(0.3468973010142945, 0.12836765477833953, 0.1767479298169394, 0.18135764818676745, 0.08782703518621132, 0.07880243101744777)"
tb.1.627bb978.z53_DfCN7W8ukUtacWgLsg,"(0.14478290065470165, 0.029048001471236935, 0.015551550333129797, 0.13073293341436848, 0.055373966590806616, 0.6245106475357567)"
tb.1.62c1d0cd.k3yC9RvxbZwgUu7pmeN4VQ,"(0.02292376612866192, 0.007484054833404292, 0.015757420453049672, 0.7303665069978824, 0.006559084354088198, 0.21690916723291342)"
tb.1.62c31296.UvLmIk5XSueyP-sOuqjCuw,"(0.1779826148564575, 0.11194059123291047, 0.11070412642911034, 0.21884799318846523, 0.08320849562491656, 0.29731617866814003)"
tb.1.632c0523.mfJQauUekbjecHMb3Zf-Pw,"(0.03092287007984691, 0.02043071507170133, 0.029798374234560027, 0.11738315230491413, 0.6365715500168468, 0.16489333829213063)"
tb.1.638a721d.SfLMAmjoJlA_Ci_JeFbKYQ,"(0.13102942417419308, 0.02508221520567658, 0.3111903513512999, 0.20989452614084644, 0.2549474344321988, 0.06785604869578524)"
tb.1.641700ec.mnXdyYUD4LGcvQS0wl1eOg,"(0.30047634661627926, 0.20620744176712985, 0.021349005425474014, 0.026318706750456052, 0.4455589615222056, 8.953791845519015e-05)"
tb.1.642819ad.tPhGNrFwpvmad3aR5OWu6Q,"(0.24962537522854575, 0.5809231012890935, 0.03962492659160746, 0.0668123180749018, 0.0120790511524788, 0.05093522766337253)"
tb.1.651b044e.mIGJexpA7lsXhJtZq-u_9A,"(0.14323331261187427, 0.0730587205540678, 0.13225460540894035, 0.25020881421382496, 0.29787898833546245, 0.1033655588758301)"
tb.1.65f5a380.9gZjhPPa_98t6i2wjTfD6g,"(0.019675259688487767, 0.07204521923313018, 0.21665596723958416, 0.06979134874371233, 0.28840813644742325, 0.3334240686476622)"
tb.1.66c143d8.N4JCJtYuG3ZFn89YmVlTCQ,"(8.79143765742118e-08, 1.0123867975168311e-07, 9.540157204332365e-08, 7.952392626142155e-08, 1.1221536253366257e-07, 0.9999995237060828)"
tb.1.66d3b318.GovcPn82Y_xlxlX3vBeoWw,"(0.1227327318011361, 0.154767151363649, 0.2560039313743256, 0.1661033716672214, 0.27264106457196396, 0.027751749221703904)"
tb.1.67230bff.xKvghn0ndpJzmTTTqT1u2g,"(0.07152202274676414, 0.3362597419807232, 0.05250178501382279, 0.17714034863219064, 0.3361606677601147, 0.026415433866384543)"
tb.1.6764cd8c.14yuXvWcdZ8hVyynzHeKLw,"(0.019602246352229524, 0.5133067871166263, 0.4031937236559062, 0.011381345293138787, 0.03452494955849523, 0.017990948023603726)"
tb.1.67b1a3a2.AezxGOq3NcRsjdR_30z7zg,"(0.2777188684261118, 0.08090281753082833, 0.16596566039175042, 0.29487563676282585, 0.12346751122940185, 0.057069505659081705)"
tb.1.67f4aded.Gups5WB4qN3unU7iYzeTUQ,"(0.13439444418628654, 0.03515645514635628, 0.6006527349931516, 0.21344466163996018, 0.012325619018281643, 0.004026085015963767)"
tb.1.687c156._-OY92FZE2ecR2FRcGPKcw,"(0.37577441878580375, 0.016771619545674764, 0.21925277048184266, 0.3558927836428912, 0.024232137706678047, 0.008076269837109486)"
tb.1.68a925ef.a1ZZgSnHCZqLuFPwtISxqQ,"(0.24323462823883116, 0.08915835088150333, 0.0473396202129255, 0.547236184881995, 0.0381714393506106, 0.03485977643413446)"
tb.1.68b4a210.TQx2KLYkMpgj4PLuN6ob5A,"(0.7730999589688062, 0.1008457285275269, 0.0179217095655348, 0.00015544471992700744, 0.10793778425644639, 3.937396175861551e-05)"
tb.1.6951e6da.Rh3eP7ZEyDiz4bsovOcBHQ,"(0.4045292689337765, 0.03574454361963014, 0.16165077172019102, 0.1606299215283866, 0.1265897824291153, 0.11085571176890047)"
tb.1.69fcd029.FRFDW8e26n5VHpot6bgSWg,"(0.22702630808609753, 0.21106641056741896, 0.1610060344856601, 0.18717796443591742, 0.17735350982229595, 0.036369772602610165)"
tb.1.6ac21050.EDC-dHp_7ffWOHYgvbOpeg,"(0.3653014490702444, 0.06451515647141887, 4.435033884038316e-05, 0.5700818269292472, 4.497011003780581e-05, 1.2247080211308092e-05)"
tb.1.6ad123db.QBt-UoW3PZ1ZkU20NEWVSg,"(0.1391228515737464, 0.05400438689077859, 0.30550736595541994, 0.2763830781549331, 0.17381132499314272, 0.05117099243197913)"
tb.1.6b1ef3e4.-Cr-suT0iVapELpy0irUIw,"(0.685748972592771, 0.06664301129990903, 0.05794749321964579, 0.037284837657734854, 0.08129048925336545, 0.07108519597657376)"
tb.1.6b50f051.lB4mPfFTfw94Kf0P5WTYWw,"(2.4919837260246857e-05, 7.2721383285550895e-09, 6.852849428324648e-09, 0.8785348752046886, 0.09223289673977587, 0.0292072940932875)"
tb.1.6be57e9d.F2fkk-Cm6I8V4WL23ex56w,"(0.16886174041750357, 0.2992308412410692, 0.15788069552649261, 0.1861235422563206, 0.1448008838680739, 0.04310229669054006)"
tb.1.6d29da40.EatqpJMna0mbheE1U4Nw6w,"(0.16664128134317235, 0.5408150591511081, 4.8986011495864585e-05, 0.18598631100257978, 1.7791180978076952e-05, 0.10649057131066587)"
tb.1.6d5d80be.eQZAwMwvSj-y0YFDTWPDFQ,"(0.055995829878298015, 0.44177626585691465, 0.015295656152172012, 0.4148223851966368, 0.05882910810313916, 0.013280754812839475)"
tb.1.6d9fccd1.6dTdopU-NjSvALnMdOuZRQ,"(0.09144799049166415, 0.004190934766959832, 2.6891403915292995e-08, 5.502463889268472e-06, 0.9043555062705833, 3.911549962217629e-08)"
tb.1.6e1f5b95.UupZdJCpL9RNG5sVwdaC4Q,"(0.21017658253102167, 0.09018705341825581, 0.28813122896832694, 0.24166939281441077, 0.10287338619958987, 0.06696235606839498)"
tb.1.6e6b1270.bwgl43mSgbrS-kmrLm1msQ,"(0.0409528885083189, 0.43608654214388853, 0.1686852153864343, 0.054667310539783874, 0.15570811963815798, 0.14389992378341646)"
tb.1.6edd426e.7P3_NabQVmkyhVxp0xeaXw,"(0.011811940184384967, 0.05542056566500475, 0.07234764791955788, 0.009222331143437177, 0.7173685703512295, 0.13382894473638576)"
tb.1.6efadc70.aUChf0FeJIYYAGC9ouyNrA,"(0.0650270916010228, 0.15897937941384666, 0.27843216751331745, 0.24379708705617445, 0.07354045078748056, 0.1802238236281581)"
tb.1.6f882d1c.IRGAM3fGqvdqLMHllkw7EQ,"(0.014987511629762624, 3.649267964781227e-06, 2.069263477710559e-09, 1.7248767781539205e-09, 0.2434189428144175, 0.7415898924937148)"
tb.1.7039f3a8.kzedhaWXfBfPkIxLmO6I3A,"(0.19254150376789247, 0.050647901750417, 0.06658698945001398, 0.3163673558918421, 0.276690763495499, 0.09716548564433533)"
tb.1.706450ad._S5Rx2snzT80ObQ5hIPLWQ,"(0.2668420340786521, 0.18504810533635643, 0.3266411362140585, 0.0656098326688487, 0.11673137003593373, 0.039127521666150564)"
tb.1.70d2794d.mzKHNjhI9PcHLgNnX3dBUQ,"(0.15192610685009308, 0.3144147099372769, 0.01589963936210243, 0.37746294666434604, 0.0040930401519454025, 0.13620355703423612)"
tb.1.70ee3dd7.HjRIejaWTvkBowkrJSh6mQ,"(0.0791673946994907, 0.014381714270894406, 0.009200920740241918, 0.6765696488339249, 0.21751423756458407, 0.003166083890863871)"
tb.1.72cf86cc.DVl5nBMzECbF8x1CVBQKEA,"(0.231764495616757, 0.10963568712747501, 0.06451951802247895, 0.46810414989151283, 0.11901343973149096, 0.0069627096102852105)"
tb.1.73713306.gEy3fwjSVNLiQOGyeexCMw,"(0.14025916082414183, 0.21706293307285426, 0.2126806571188647, 0.13317526682890302, 0.1916611112329361, 0.10516087092230006)"
tb.1.74e5fc29.AA1Vr9AJVzgrlXUKD3ACKg,"(0.33052897268165404, 0.08364936901411504, 0.1696052681341416, 0.24859752338459215, 0.13869349642195236, 0.028925370363544874)"
tb.1.7517876a.wGI2-LQvnZ8y5KFA3dfkcg,"(0.7623963583291127, 0.0018563435860200312, 0.05473130348131391, 0.08760114465356157, 0.009361271617783665, 0.0840535783322083)"
tb.1.754dcc53.xEJukV7xL42B6yIC580W2g,"(0.011207601926791872, 0.02472948388823053, 0.01291841101398253, 0.7881497980065404, 4.7179316100238875e-06, 0.1629899872328446)"
tb.1.75cc072b.Nap5No4YN7XRwI9unKDPkA,"(0.17849845884879356, 0.11907099302445187, 0.29286929885744456, 0.3398250082279116, 0.04528645746681529, 0.024449783574582957)"
tb.1.75cfc607.pzEi2aMtWdw0tolzuOIIWQ,"(0.2036813119746953, 0.04136968446711222, 0.08631653045886328, 0.3044571158288335, 0.04555257464090119, 0.3186227826295945)"
tb.1.76b4e618.rnL1FovIKT3gYq8N8D1daA,"(0.5092283899272653, 0.29876143057299537, 0.03843694684495423, 0.05050252784596684, 0.10267830913468141, 0.00039239567413680196)"
tb.1.77663002.0B-XZbAG3rWeLqkiYDdufw,"(0.04298266155004771, 0.14547274946418592, 0.5303799279200089, 0.26092210459823634, 0.020239080390596294, 3.4760769247626797e-06)"
tb.1.777e1834.fE5GwM2GFjPT7DiC5zv86g,"(0.15826070329010908, 0.05484498128881085, 0.23068275478594785, 0.3515437195184462, 0.15840927578558336, 0.04625856533110273)"
tb.1.79746cc8.H2Qul88BTd9HappdZqCqpA,"(3.758442709290677e-08, 0.00015929938584409122, 0.99931653663893, 3.3997411176442606e-08, 0.0003530944891165002, 0.00017099790427106394)"
tb.1.79bdb359.xly-nO2gK-ZAfSnnpzO08A,"(0.058164285719740576, 0.4680568171926325, 0.008810018382012182, 0.006396215076256001, 0.4585492517521765, 2.341187718226725e-05)"
tb.1.7a1367c1.t9iXy3Bhmuvf5vrGoc1WtA,"(0.34112708769381295, 0.006637512033437444, 0.19161632146823138, 0.17247703397367797, 0.05835221940043832, 0.22978982543040194)"
tb.1.7a467089.qQqhiKOs82nwCBLCCyKUdA,"(0.02599484131300163, 0.13344944594370567, 0.2570805020836425, 0.3021754559107838, 0.18524835474395407, 0.09605140000491216)"
tb.1.7b9e90cc.T8K3LsBfzXWzWj2t9JPrfw,"(0.8217466394022384, 0.010753353870971176, 0.0737310501736537, 0.06855857589628486, 0.008398647822359866, 0.01681173283449215)"
tb.1.7ceb4216.7qz6hLqkUgbGmX0ceEld_A,"(0.18161645154022316, 0.1089308643235764, 0.17548830912000157, 0.2636386578585572, 0.15116546425526003, 0.11916025290238151)"
tb.1.7db0c6af.IMPzRkOTrEIjIlZwyCJBYA,"(4.720620207558172e-05, 0.006028400855706421, 0.8823039901049914, 5.671990386696636e-05, 0.024392737971863712, 0.08717094496149594)"
tb.1.7dc529d4.G3mF3WXl7J4JONFDGpGPYw,"(0.20393811358248945, 0.05231277541125163, 0.22674562677865784, 0.34090546656473025, 0.17187087496905334, 0.004227142693817486)"
tb.1.7de7f827.oeUIkWgfQ10lIl3KWLKf2Q,"(0.1143550296197286, 0.0006491709322334765, 0.7291161097075504, 0.09993031213018276, 0.05458093844308806, 0.0013684391672166576)"
tb.1.7e290a56.qWg0yvM6oIGN7ryV8VzYjA,"(0.20041323442578984, 0.16601265435726464, 0.4478382422028369, 0.030371296243130314, 0.15384778613915567, 0.001516786631822496)"
tb.1.7e5702f2.oy04Z-_sjixaWkmd0vTYSA,"(0.11389994332118467, 0.02288591836238937, 0.714269950012406, 0.1488803080974807, 4.491233200143306e-05, 1.8967874537944578e-05)"
tb.1.7f123aef.WR1OoXA0tBWB_9GWUUstIg,"(0.21286104226676061, 0.1013493534573579, 0.15313798571705828, 0.26373001383518346, 0.08566368505612902, 0.18325791966751098)"
tb.1.7f6c8a60.tNpjbvQ6PW6u2Eo-DezdKA,"(0.06858477559542457, 0.04715127059097382, 0.0535076080000586, 0.769225689208132, 0.0519403167488858, 0.009590339856525307)"
tb.1.7fcd57f.Eq7475XsDoAH_YPL8X-DUQ,"(0.3674991980219223, 0.08482984759856163, 0.12190685699519879, 0.3657777653054972, 0.05503189694005365, 0.004954435138766265)"
tb.1.80409146.K6qKDGpb_eDtLRBQN2U4cw,"(5.173170961748021e-08, 5.957216768238338e-08, 5.613742159486596e-08, 0.9998435776062784, 0.00015617329646664535, 8.165595593672841e-08)"
tb.1.804f0bcf.N-g39lGJ1KQo0Cf2O3Lezw,"(0.002893131614112521, 0.05611778392517451, 0.06709508269052242, 0.00011139408711162409, 0.867854916638226, 0.005927691044852909)"
tb.1.80bbcfb7.JPB4oc4izWMJJcgIJw-JsA,"(0.2278261820964224, 3.7152890002068353e-05, 0.07556798132797668, 0.12111124603406918, 0.46641049966196374, 0.10904693798956587)"
tb.1.81a23622.eJQPxcZymMz99oxgEM1K8w,"(0.22042151348068, 0.008735456839362825, 0.23933008030281006, 0.44563829146595446, 0.059399027774827896, 0.026475630136364836)"
tb.1.81ecb5f7.14XrMi8HkWu9Lj-tnE7NBw,"(0.14280022199410647, 0.049382864270405336, 0.020650896944819315, 0.20583883242175427, 0.16831609720542529, 0.41301108716348944)"
tb.1.82577add.Wbu_Ov8Y_Arzyt2-pvlZ3Q,"(0.0985168563908105, 0.023447194817015522, 0.3933614986018221, 0.18559282953846232, 0.15065695777295243, 0.14842466287893705)"
tb.1.8276a309.5_ncOLtjgDM8bTjXfMJfpw,"(0.4635913419517944, 0.020836631532337516, 0.07696847889354418, 0.09962278546996473, 0.25458352345848795, 0.08439723869387124)"
tb.1.82dad10d.a2fJgk1H6K5fUvWpXSLEXA,"(0.22544183327263098, 0.16038097788022854, 0.14622869354267937, 0.22721007807794208, 0.16984805138591483, 0.07089036584060397)"
tb.1.83ad6cf.oTB0UQrQMfjb7xV8RlkyWg,"(0.1018405417072463, 0.0576971930764916, 0.12566059434955695, 0.41062676772404066, 0.20125987252766156, 0.10291503061500289)"
tb.1.84641c74.QpBV553wbAj6CxTYDJFTqQ,"(0.16272572173217256, 0.05628858207241913, 0.2013885779803991, 0.3760265704203732, 0.12283728707296852, 0.08073326072166757)"
tb.1.84c94396.qVcQKrOrKZpD3pl_5ap5OQ,"(0.09414065157162259, 0.5428118157175625, 0.09831505800086172, 0.12684274909880763, 0.10478404146714737, 0.03310568414399815)"
tb.1.851fc9b1.GqqIFUNwvKciulc-kvuEdA,"(0.16984194680995135, 0.08634767455654445, 0.2776863906703529, 0.19921640712687708, 0.14967936189466713, 0.1172282189416072)"
tb.1.853ee2e7.dxaV6mE87e68icPhoSvrOQ,"(0.13225864905111284, 0.17243071193310638, 0.10622463116155631, 0.1519217758027161, 0.09397680991638425, 0.34318742213512415)"
tb.1.8565552.j7gaPUD55kG1d7RqG3co4Q,"(0.19500041770343424, 1.7470004875318313e-05, 0.21365677505599506, 1.0673659705684789e-05, 0.5615867812135082, 0.029727882362481455)"
tb.1.86af11c3.BT3foROxRbvqHPS0kzkFVg,"(0.025117551944807484, 0.8997077634180211, 8.65020471279139e-05, 0.024577966791912417, 0.0001929602195044154, 0.050317255578626686)"
tb.1.875e160f.XfmWeygETBlg2XjNTmfbVg,"(0.0235580040601503, 0.28043171791208177, 0.24003188649702173, 0.06427294668065477, 0.03520046771662278, 0.3565049771334687)"
tb.1.8854128d.5uA0wB2MF1GjXvMfmzAC5w,"(5.068047869724144e-05, 8.268166618358582e-06, 0.027273630619442116, 0.9255477553984053, 0.03102821247124166, 0.01609145286559537)"
tb.1.88cdc772.7b8MVBbzD81zefPbKeHhUg,"(0.10545885929290988, 0.862792664462912, 0.00013033352190676618, 0.0003823728598684363, 0.0001471727122277612, 0.031088597150175)"
tb.1.899e2729.qo1B8H4X-sRy5kb_wGzl4g,"(0.15041535450414933, 0.14742362893507074, 0.14213690461955134, 0.38861630126708435, 0.09058418161450042, 0.08082362905964378)"
tb.1.8a1a6db8.8SuwVXpUX3rYR6DrykJiHA,"(0.009520263519436589, 0.0013296374291900833, 5.8099541226612654e-05, 0.034908232213265895, 0.9237442120888072, 0.03043955520807348)"
tb.1.8ac082b2.Tsrie500-irD63Ez65F23w,"(0.2947296487265454, 0.0012838258337708336, 0.008286157270115444, 0.47523772061065794, 0.0018645897389653937, 0.218598057819945)"
tb.1.8bb310c4.AQRWXFunYifcpoPFCwjg4g,"(0.06206521242739449, 0.07910660772895589, 0.5905835513716415, 0.09713542271022622, 0.1594162636232193, 0.01169294213856242)"
tb.1.8d82e2d5.s0Mg8nHf-gQDgsIalv0HwQ,"(9.737879232894812e-06, 0.009056124206066257, 0.00032592850227939496, 0.03246892329878318, 0.027673711005910772, 0.9304655751077273)"
tb.1.8dcbb82e.ZuEC1ketIGobKq9cDX5QyA,"(0.0005020720724870023, 0.007205374513838974, 0.0013626306383667938, 0.8653432214341774, 0.048710652860702315, 0.07687604848042745)"
tb.1.90aa2ee8.BQsw1wZW3S81gLnMl94_CA,"(0.171604172381225, 0.05291211539538929, 0.24437068478268673, 0.2046834803872235, 0.2646741008210547, 0.061755446232420665)"
tb.1.91339f5c.68wGhL6J3CXWJfF5I7LdOw,"(0.21413016866652113, 2.0393912560369335e-05, 0.045548879970787715, 0.06684050707942266, 0.673452749038691, 7.3013320171800515e-06)"
tb.1.91b6d484.InOjoSHWUjmqU-ruXo8xAA,"(0.030373196612231295, 0.03775031823014614, 0.017521463242158784, 0.8172060673366962, 0.06656203407123061, 0.030586920507536957)"
tb.1.9247447c.s_mr55hDFiTztltfGXpTCA,"(0.0320810521915007, 0.031232300047525925, 0.0720504441127521, 0.6248865081151203, 0.0605451412178312, 0.17920455431526974)"
tb.1.927f4b6d.L_oJlV73k1l0nHwnpH5UuA,"(8.605847742477724e-05, 3.837902322940279e-06, 2.5780994946212074e-08, 0.8123276113065281, 0.18741528864094242, 0.00016717789178673182)"
tb.1.92e1b822.m-bIOjuOejhrxEbyaNLNtg,"(0.019031442166388426, 0.017648800606328088, 0.015248881068976629, 0.12507807513050972, 0.025856996156431503, 0.7971358048713656)"
tb.1.932d6782.5dTrGBddrlE-Mqsbo_cx1Q,"(0.0846978227886602, 0.039017139295853445, 0.2672945758212071, 0.15776341663572022, 0.3991897621367988, 0.052037283321760254)"
tb.1.936edc7a.5e5tB6jA-9KVqM1XUl3PnQ,"(0.3078308432160558, 0.5416108524179624, 5.1009936850547646e-05, 0.09317864012479893, 0.05732654355054917, 2.110753783131794e-06)"
tb.1.95207534.TOsG0e2wRwhq_J-O_LytIw,"(0.000265126173286541, 0.9997347376009765, 3.05138844549816e-08, 2.5435470772384513e-08, 3.589172099670528e-08, 4.438466060119641e-08)"
tb.1.9592d7db.VbtyFFkeXRolE41CrMxykw,"(0.19913525457723757, 0.017321154478994186, 0.21757695220374706, 0.024683315905398878, 0.02346264047596034, 0.517820682358662)"
tb.1.9593d234.ko7La-dlYut2CyssbwOwIA,"(0.2082865857025964, 0.1226254720387928, 0.18902597730498558, 0.25401792540308804, 0.14166406243765012, 0.08437997711288717)"
tb.1.970349eb.UYqcZtOUtiZGotoMOsuyTQ,"(0.0452179977713665, 0.011605009354156464, 1.348218686882091e-05, 0.19453318198574737, 0.7485655723440688, 6.475635779190434e-05)"
tb.1.9787558f.k715PApUAXETwJWWKiPm6w,"(0.18938157320592192, 0.6727409297992715, 9.033689393550733e-06, 0.10129446510802964, 0.03656108460151279, 1.2913595870494624e-05)"
tb.1.984608ca.ZpjKhDegoHk3ELUJ50P9OA,"(0.1547927684415356, 0.03355213932022331, 0.3185802788694143, 0.41684687262861686, 0.016778482169342235, 0.059449458570867655)"
tb.1.9b24335a.ZcZ7mwZQ1tZinUMiITu_fQ,"(0.0, 0.0, 0.0, 0.0, 0.0, 0.0)"
tb.1.9b5e3384.MvLDwC8u4kQLBT46FSM-FA,"(0.013147989471181353, 0.03927878723477597, 0.6609724858159657, 0.19205054814049582, 0.08862012039452433, 0.005930068943056798)"
tb.1.9c1e2eed.c8xLIgSAc0CM33siLPmk8Q,"(0.042994809464968586, 0.003111208455257009, 0.2409735805059997, 0.39924656303087125, 0.21420050654348372, 0.09947333199941982)"
tb.1.9c72fa14.QUytAoRsHCXYvNNGInoSQg,"(0.011680925357356257, 0.12778040572927749, 0.3803854009292866, 0.2061915944582354, 0.08564422767293424, 0.18831744585291005)"
tb.1.9ccc587.CYUGvFEFNu7GiIOs4HNE7A,"(0.4026573558341091, 0.2539194197527102, 0.16429123226736483, 0.11646171314946063, 0.04919008959044647, 0.013480189405908671)"
tb.1.9e001bc3.K4xZfDmrxsP2ZLQLqsJydQ,"(2.6560947747929073e-05, 7.196077367898856e-05, 0.04582085362994654, 0.9540665114752795, 7.570855382660111e-08, 1.4037464793133738e-05)"
tb.1.9eb2cf7e.nrEFCV2xMnp3KTbsKPsUbg,"(0.027188498604453677, 0.8244743961828493, 0.03835498952288959, 0.07786592419017997, 0.021834548596713167, 0.010281642902914124)"
tb.1.9eba4251.7EV-IfX7su8QIJVg9S0n6g,"(0.12257415522541665, 0.17781310962002478, 3.084291668981859e-05, 0.6995165534654832, 5.36230063392101e-05, 1.1715766046388099e-05)"
tb.1.9ebd56dd.n54Z4ymwrH-6vUcVClsHDg,"(0.13845772991960392, 0.2588821549882104, 0.1652109797764195, 0.3769174673172727, 0.02314408461645303, 0.03738758338204036)"
tb.1.a116397b.H_7cjKLvWpMs673ZV55yTQ,"(0.8520900795056962, 6.549671131739546e-05, 0.06722212395118965, 0.00010873573957232301, 0.06783847666055545, 0.012675087431669153)"
tb.1.a1d3e178.dzvW8pVhRYOGbvaPX9s5Yw,"(0.1236943959751887, 0.1408920137300971, 0.09922311361049321, 0.2620256581638927, 0.20190559836677913, 0.17225922015354922)"
tb.1.a1faa466.gbsAD9jaG7EAyR8p4JkVCQ,"(0.3954933175344963, 0.14891174253811973, 0.1465710969019171, 0.025662036772379437, 0.25004375760275166, 0.03331804865033567)"
tb.1.a24c69cd.IJEfOra1z3C4jN-_-7kRrQ,"(0.07804135420416967, 0.16593568592601862, 0.21926037657645142, 0.11344293253850005, 0.2687910788709212, 0.15452857188393906)"
tb.1.a2ba879f.Z8LycyNuTqYqPcBf6Gp8-w,"(0.24539317913937053, 0.044806603251593746, 0.43264331043835785, 0.047970462043474875, 0.07750694518971676, 0.1516794999374863)"
tb.1.a41fc40e.WfFTlByf9ABY2X8wHugJCg,"(0.04424903153133326, 0.672243587655465, 0.021359881104772896, 0.0001356918634159754, 0.2617630957391521, 0.00024871210586070594)"
tb.1.a46f677e.UAs91deYjfDXp1P09eO6gQ,"(0.7569323578738898, 0.03369005329910447, 5.7264563375760986e-05, 0.03183175178207269, 0.06703935601558324, 0.110449216465974)"
tb.1.a5185bbe.jif5QHetqDHaNRAMm12wHw,"(0.012761539454305434, 0.04720684412024989, 0.41909070700640205, 0.5043481957508787, 0.015267167030618232, 0.00132554663754563)"
tb.1.a524f9e9.vwuMySwo53i8H87fyIaJxw,"(0.0001643360045447503, 0.005726113134697062, 0.9872520500359717, 6.598316833545417e-05, 2.4602036307954733e-05, 0.006766915620143083)"
tb.1.a5414b5c.Iaz13V7FEeiXeSAnOu3Neg,"(0.21873505941964072, 0.0061103948882162175, 0.2391864272499742, 0.3181873255928321, 0.11881113051400549, 0.09896966233533136)"
tb.1.a5ca595e.daBql607eMTJyFnAmHijvQ,"(0.06485444374196071, 0.013797995653832603, 0.03523910732465718, 0.46773776892243474, 0.4062114501959005, 0.012159234161214273)"
tb.1.a7d92ec2.TpAsF5OH728bRom45eXYhA,"(0.013899121800356722, 0.07969142850746373, 0.3266545145806959, 0.021572565722560676, 0.042044326396938565, 0.5161380429919845)"
tb.1.a801276a.3tJJJtg0RFC9xa0l3iQWIg,"(0.239092296955842, 0.12688500565590316, 0.13828588556472576, 0.16685762556337208, 0.22948470269669854, 0.09939448356345838)"
tb.1.a8e6bce7.M0_fabtmo6Ak0S26_XeJzw,"(0.1788036470684837, 0.10902337829711004, 0.2650314838688298, 0.08620151654973125, 0.2266607232300354, 0.13427925098580984)"
tb.1.a98be111.B3qbvguYdn_xnXC4Umyarg,"(0.51197853239755, 0.07419245359363563, 0.047124531187373676, 0.042752117676711825, 0.3209822375419751, 0.0029701276027539387)"
tb.1.ab0d8296.ksGorAmCXWDqIcST_yYaJw,"(0.20598254710469788, 0.08434550565237522, 0.2618001495582202, 0.08797514356237318, 0.1289412790324289, 0.23095537508990477)"
tb.1.ab16c88.NUyZHzt-Hrn8pFON7fZEiw,"(0.05711773063215233, 0.1314316336160843, 0.060859454590497235, 0.13826258600591912, 0.4569923173574706, 0.15533627779787637)"
tb.1.abb9394d.gZnxgnWk0AqtHf1F4XWxyw,"(0.053484996308771, 0.04184461681557822, 0.11125560451506368, 0.3330620897218999, 3.775508024388394e-05, 0.4603149375584434)"
tb.1.ad1a70d4.-4y7XXFSfsqtVLeyFs0sHQ,"(0.34629604955038745, 0.17007724809240607, 0.07352406148926827, 0.27081867938024107, 0.13569324936007035, 0.003590712127626666)"
tb.1.ad521049.z5p-icE79bcLBVBBipcs4g,"(0.0038219343517345667, 0.35493519272453006, 0.19226510141277556, 0.1428311525922708, 0.10209878724315691, 0.2040478316755322)"
tb.1.adcb6150.pniQjJV8lrd_rQO51LLzCg,"(3.586429046771545e-05, 1.891625509676286e-05, 0.06985220429146669, 5.2314294874468173e-05, 0.9244338185508046, 0.005606882317289763)"
tb.1.adcc4051.GlxJX0ISmdoIdw3n-Fb2TA,"(0.04284146430452382, 7.180267483422714e-05, 0.5481627384840251, 0.00016615038608796344, 3.246105910979448e-05, 0.4087253830914192)"
tb.1.ae98b69b.fN5bYM7kTnH4Wlj70D6yMA,"(0.00011339699190996092, 0.07072527386924128, 8.250518276593832e-09, 0.8862129614292683, 0.025024082666497482, 0.017924276792564683)"
tb.1.aeede7c0.TGG_YPjels4nC2PZIquf4g,"(0.6946841194054179, 0.00010686164009105811, 0.014515982540306623, 0.2586758187506811, 0.026627491484022284, 0.005389726179481077)"
tb.1.afb0ab11.0kMTRiR7l5TVQRLMbtacSg,"(0.7760524764169234, 0.15206899971898943, 0.04929829493503418, 0.02240118507784021, 9.813437964257258e-05, 8.090947157016808e-05)"
tb.1.afd48e65.WNat216qI4_18sKV-sZ1IQ,"(0.050355790551495985, 0.010710556285323332, 0.016755075353829123, 0.5286001600736612, 0.366129129935584, 0.027449287800106317)"
tb.1.b098559e.3v4BD0VJrSHk4ybH3rz48g,"(0.05276085352370648, 0.47588315932431013, 0.018909196881317224, 4.1677926866978615e-05, 0.4523283642344791, 7.674810932025027e-05)"
tb.1.b0e06cc0.PQvHYrNMVczY_jFEdgMHjQ,"(0.008103267550440517, 0.018436867372107885, 0.03821271589518465, 0.8794120958075499, 0.050417009038773164, 0.005418044335944058)"
tb.1.b0f6daa1.BRzLmf83cmRPVYnGTdB7kw,"(0.0553762375569008, 0.12643776936327972, 0.22274903536488297, 0.38775239605964246, 0.16917737929984686, 0.038507182355447214)"
tb.1.b1565fd1.Poipzl_0MIThLhBpPtH8aw,"(0.1730019608105628, 0.12375601559056534, 0.19297268354771158, 0.13595386933272774, 0.29055719739300856, 0.08375827332542406)"
tb.1.b1de430b.6jMvrb1BMX60leJbDbSZ2g,"(0.28270906417074265, 0.37833491459724927, 0.03411365259695993, 0.11808297806878544, 0.1352465663439676, 0.05151282422229509)"
tb.1.b1e58a26.M7A190uxa99j7eS02juVfg,"(0.014505728217154751, 0.0049714758937646755, 0.015284766561392323, 0.965220516018042, 1.2589730769317313e-05, 4.9235788768107916e-06)"
tb.1.b2ad9d57.ID1rhttJpjiNWNH3uwsgtw,"(3.256612636391247e-08, 6.327584559148531e-05, 3.533960850937913e-08, 6.238746582610736e-06, 0.42771079211277435, 0.5722196253893167)"
tb.1.b2e686fc.erowEPjXiIWguEG7jd-75Q,"(0.08892988623945483, 0.1983588730798951, 0.4834875871526905, 0.03647074730181256, 0.14552844589378924, 0.04722446033235779)"
tb.1.b340fe03.7ZWQBnqEUSHWNxzbElr86A,"(0.06408914569695988, 2.9928306973119227e-06, 2.7156171524068527e-05, 0.9355153016329234, 0.00023462562401190944, 0.00013077804388337194)"
tb.1.b3bb9739.eFMMqXbNWeGDsS_ZMX6ZeA,"(0.043451831941669995, 0.08723815152049783, 0.23074418064754057, 0.22744067895187758, 0.2145490251660393, 0.19657613177237482)"
tb.1.b3d6465b.fqpMnau-ew-cG5iLm3MyJg,"(0.06317895644921856, 0.08261551906992232, 0.10853229409880241, 0.6082337945070623, 0.037953354386479704, 0.0994860814885147)"
tb.1.b4c382da.Cc3GrHXyUMJ8HER5TwdIHw,"(0.2772770272637399, 0.04777621308572306, 0.2673310507809431, 0.2739941955094229, 0.08942846386055726, 0.04419304949961374)"
tb.1.b510650f.wjeyVA_ObGbhmTajf_JOJg,"(0.1343228552383518, 0.2029556567767589, 0.27736400781146625, 0.18184852303930904, 0.14285866835623393, 0.06065028877788013)"
tb.1.b534e864.snS1QP8fx7_AY9A8e3q5oQ,"(0.18800209279944424, 0.3038451395129657, 0.20782510415882424, 0.18878829897850408, 0.09679541371604215, 0.014743950834219694)"
tb.1.b5a446de.LTRms5_gIW5lWIh84ddGDw,"(0.10061942075046951, 0.261758037975124, 0.3306689411466685, 0.0881640482440401, 0.011016983732156475, 0.2077725681515414)"
tb.1.b61f3a50.Rc9zWsBgGWwgiqKq3WrtBQ,"(0.005856352543677467, 0.19911105618570465, 0.014673886799017861, 0.7400025851734675, 0.024931405516459476, 0.01542471378167288)"
tb.1.b72c70ff.lVJfAu_jj2IPqUVsSFslvw,"(2.2087622589648138e-05, 2.2528604983956478e-05, 3.3134181768106353e-06, 0.007019471428110539, 0.0038480489659828985, 0.9890845499601562)"
tb.1.b8ee268e.naD4ytOBqQ33-XdTxKcWfw,"(0.3302760432485316, 0.012628060790635135, 0.08762691988235813, 0.3728286220928217, 0.09703236681084762, 0.09960798717480579)"
tb.1.b9fea6ff.i_sf3jKm2bLaIP2Okr4Bdw,"(0.04119519851495764, 0.3772290246723905, 0.07887965786781695, 0.43086878949972085, 7.383857689676004e-05, 0.07175349086821727)"
tb.1.ba573ec9.Owx7um4svGuDgX6WvQXNDA,"(2.8474128716405194e-06, 0.07503368122979932, 0.009787338385699777, 0.6841813878706277, 0.2308922848441174, 0.00010246025688420512)"
tb.1.bb08d3c1.FvuPXl7p89UOvPasmylyEg,"(9.041032591313667e-05, 0.00013060729119741078, 0.11375149316199185, 0.018903712120988278, 0.00012798708938074397, 0.8669957900105285)"
tb.1.bee0d4b5.lXmpfLGPH420AzVVFUz1dw,"(0.033004875658318056, 0.656363866154218, 0.14876941236686417, 0.1416391944752848, 0.012802011027801716, 0.00742064031751316)"
tb.1.befba1f6.ngMuHuC9f_Y7Z360jScDrw,"(0.5991847552161685, 0.049694264956798365, 0.14605269306728264, 0.09452203733860552, 0.07577319757854292, 0.03477305184260197)"
tb.1.bf32ff06.5nEaY63lGEV7GiPLqvQQDA,"(0.17689959025320134, 0.03078880840829122, 0.3394312148149968, 0.26691033797227, 0.059922355991431635, 0.1260476925598092)"
tb.1.c0b05039.D7DN3cJqkuPGaqQUAKg2iw,"(0.0672019626880534, 0.01069975038443095, 0.46550941078836516, 0.1292796973203499, 0.21057766890274995, 0.11673150991605051)"
tb.1.c143273c.fZgDC0cyS8jqoQv98FUFjg,"(0.15262330982859165, 0.11119760329345162, 0.1349279489794414, 0.45757071553329004, 0.0988408252316349, 0.04483959713359041)"
tb.1.c177729e.CoQFyAX_3DcaivW0uJNgSA,"(2.594111876008371e-08, 0.9577380233518984, 0.04222551276669904, 5.909511802266006e-06, 3.048748170303148e-05, 4.094677840894468e-08)"
tb.1.c1a6fad5.Nm6P8PbLQtTUuUeuXrXvJg,"(0.6446831318783024, 0.15018597870895511, 0.03198696967392745, 0.08972381413406609, 0.04413573064561869, 0.03928437495913031)"
tb.1.c1ec3834.W9MjyvngQG6KMTdTuU8vUw,"(0.2349664121689167, 0.1535312482608271, 0.2096222435702532, 0.1897569469858561, 0.17425457414697984, 0.03786857486716702)"
tb.1.c257bdc1.eFB_v0oEW6i15NF0wkFplQ,"(0.15716682095103895, 0.6734794131823856, 0.049028536094108545, 0.10051952243888865, 0.010207261901964996, 0.009598445431613305)"
tb.1.c2b1cba2.4vQZhaDpz4H_KUsmMo-8rg,"(0.00015775223273474824, 0.9985751216056783, 0.00010673911382963992, 0.00042427652265816925, 0.00027039014281002657, 0.0004657203822889807)"
tb.1.c2cfddbe.dJ2Qc3r6xnKkh3xBJ8LT4w,"(0.09200732197014565, 0.006628269810481082, 0.28115460959565275, 0.22244858707663123, 0.06593532537406921, 0.33182588617302)"
tb.1.c44cdab.rPdP7zhoe4RYjAClesaVAw,"(0.16570499900362934, 0.029714880590568888, 0.08814484371117096, 0.24856501730240532, 0.45468848667715694, 0.013181772715068572)"
tb.1.c4df456.JwqnH7lqF-sfmI2MQNVyQQ,"(0.0048060124021186154, 0.02628780557923093, 0.16416972930635346, 0.8047112648689246, 1.9286245571361143e-05, 5.901597800978247e-06)"
tb.1.c55aeacf.dLGM-yj29_A2xJ97FiqYzw,"(7.751273690562766e-09, 0.9999407618452592, 5.141027914544709e-05, 7.797995464093441e-06, 9.893853783401409e-09, 1.223500378414413e-08)"
tb.1.c668be41.k8D_cBKKyXEo4CE97cn_bA,"(0.024540733694181985, 0.009498619624664376, 5.697792017300796e-05, 0.9358695308915119, 0.029969912576329184, 6.422529313952307e-05)"
tb.1.c7c14444.ToNsGsslyzqz9ie1DBcMug,"(0.012697104689563024, 0.14716671371569148, 2.988451305574625e-05, 0.2664012682154645, 0.4485291915532802, 0.12517583731294513)"
tb.1.c8b11e1d.Yj1qhbxoFm_3hhS6lmXtww,"(0.13384307030006934, 0.572011272955867, 2.311624544744549e-05, 0.2940662235663034, 2.5315748296541465e-05, 3.100118401621009e-05)"
tb.1.c90c64bf.J_ybJp-Ab0epbdFvw3bsYg,"(0.00015753354797597683, 0.00011461037892986165, 0.9991289550812348, 0.00016498637887748187, 0.000433780439634533, 1.3417334728516567e-07)"
tb.1.c93dbf09.oxY8XH4v_n99AVkw7kexyA,"(1.2737981643817252e-05, 1.9066239366389253e-08, 4.6182116274649996e-05, 1.497670867670659e-08, 0.5553651890616881, 0.4445758567974453)"
tb.1.c962804.RfxLbS3gcfG1108X2uGlbw,"(7.729871292430808e-05, 6.475222555964974e-05, 0.9992700850982037, 0.0004685280927779203, 8.970120545235706e-05, 2.9634665081880155e-05)"
tb.1.c99deeee.hyHcswHoCjaIrFKzn4HxFw,"(0.025432592327655705, 0.01820176809179241, 0.3462509542255943, 0.0459059278984898, 0.5427511503985744, 0.021457607057893277)"
tb.1.cab2806d.nIxomlD8Md8qCvgXlcctSA,"(4.665665661035953e-06, 1.2258339248086622e-05, 0.005852269370695839, 0.1831159275987434, 0.8109816766746754, 3.320235097630802e-05)"
tb.1.cc75e984.ihEiby_zDI7DNp7kxMHu3g,"(5.423144762863539e-05, 0.9770200739931483, 1.777321991549819e-05, 5.322928327318886e-08, 0.02290777522541866, 9.288460564647705e-08)"
tb.1.ce4535df.08l-Jt5Pj97ueaqb6EFIDA,"(0.048610167871600975, 0.01122083549839258, 0.00028157217120967416, 1.6230320764996407e-08, 0.9398255627223142, 6.184550616163733e-05)"
tb.1.cee70bb0.ZnJPaJbo7X8Wvi_1hULmPw,"(0.013044443527125155, 0.016862933892821407, 0.018116156353269863, 0.5845144041061057, 0.016120490175303877, 0.351341571945374)"
tb.1.cef676b5.L7xqrFU0CvS5DIL-ZfODDw,"(0.04270733976526319, 0.08557811046926103, 0.29607886199830885, 0.3773550801293696, 0.046558179170687844, 0.15172242846710937)"
tb.1.cfb57f21.Ty3OI4DLH8p8hE18zLTYog,"(0.1157498560310666, 0.10212465924275271, 0.016886043954217094, 0.6948673868852097, 0.06674549862995165, 0.0036265552568022774)"
tb.1.cffd541.o4onjiTYrF5cHVQNuuIKbA,"(0.12551027803308032, 3.228346132617429e-05, 0.07546380927177536, 0.7191496308453236, 0.04125829409742651, 0.03858570429106809)"
tb.1.d045dfef.llyN72XBgC-yDBaoMOSwiQ,"(0.1119382222043808, 0.016773417823623973, 0.06034977170925829, 0.7743467818241099, 0.03650998011521357, 8.182632341355935e-05)"
tb.1.d204eb2b.NV-eb_iEAMw5mPgd2T4bxQ,"(0.1522662104377329, 0.13083817885433363, 0.10769122160963518, 0.37940891714017616, 0.045365291521079334, 0.1844301804370428)"
tb.1.d235b252.W-yAu6UcDDT9W5Ie3zJgOg,"(0.1511816473152013, 0.005107895425060539, 0.13511417390827032, 0.08547525220703946, 0.6177557163961571, 0.0053653147482711555)"
tb.1.d2844c97.glFdUO9U7oVuURR2VmQ6UA,"(0.07755604696692381, 0.10514523148448704, 0.1764294019791524, 0.45681860494173326, 0.14842545025106404, 0.035625264376639536)"
tb.1.d2bcc6d3.iGHgI593NXxKEuiGRftuoA,"(0.5636477424217453, 0.05353768298737538, 0.0563296056619803, 0.269115485332199, 0.05736411674652258, 5.3668501774632485e-06)"
tb.1.d4354fb3.vgsMgYFjfL6Yc2-app3TMg,"(0.06327376917029136, 0.35367319116885326, 0.32948135947960067, 0.09426415756167973, 0.11535654083908928, 0.04395098178048575)"
tb.1.d559d4e0.6vaDRLNpsEUyHNySENcyYg,"(0.39658432167743796, 0.33684769410349297, 2.5182679149520866e-05, 0.05317890929067329, 0.21335102094218356, 1.2871307062677201e-05)"
tb.1.d5cc5c4a.Da6yK2RiqjoesvMBv_wIQQ,"(0.9999991679231479, 1.5980019512689015e-07, 1.5058661240277319e-07, 1.2552454225007132e-07, 1.771263401804277e-07, 2.190391620720002e-07)"
tb.1.d667b7e4.5r5lIKSOMX8IQXqpRZk9-w,"(1.3077499963089046e-08, 0.0003244693099244966, 1.4191240426098503e-08, 0.9990305607814374, 0.00031373893476199126, 0.00033120370513567036)"
tb.1.d6698781.MNQWWfLmOUlWajrRL6IGLg,"(0.1438945749734256, 0.6223573380072607, 0.07211116290748133, 0.10054704943961842, 0.046027973174895126, 0.015061901497318756)"
tb.1.da9035b0.6VDEb6aLm6vn4BxgmpP0eQ,"(7.71539944187226e-05, 5.6334039101004355e-05, 0.0001602788032436261, 0.999018988354633, 7.158612323919789e-05, 0.0006156586853642767)"
tb.1.da984381.OaDnHK0Z3atT6kw40uBRGw,"(0.10149822168588006, 0.009591508201553514, 0.02562084757388554, 0.2231735737651695, 0.49182987526251404, 0.1482859735109974)"
tb.1.da9fba6.rvJJi3h5XmKQYxL0TCXrQg,"(1.0832446036063232e-08, 5.10594035904747e-05, 0.8971537363023556, 9.798609435346994e-09, 0.08743466189758313, 0.015360521765415225)"
tb.1.db05b29f.OeGlYeeFSrV_7v6boFxVeQ,"(0.02370035505665975, 0.4139808742101826, 0.07840923515554055, 0.15415361933425165, 0.30899383685431, 0.020762079389055346)"
tb.1.dc150987.3pdGyr5laVgpfLdjTqsIVg,"(0.05846214199406382, 0.04792354186925719, 0.13361545259221227, 0.41785876904793195, 0.2719601964721464, 0.07017989802438822)"
tb.1.dcb45d56.NSoWDS8egc_NdxeYjWyyYA,"(0.15430814026910133, 0.27979781945291293, 0.20336550675268653, 0.057822347706154305, 0.30456069749684217, 0.00014548832230268938)"
tb.1.dd7be6fe._ngXEfpAmqmdjUYmqvjo6w,"(0.005705031516811995, 0.025451279647592515, 0.020343234985246945, 0.02872403255337764, 0.013120475761358509, 0.9066559455356122)"
tb.1.de0efca7.Ko8l5njQVit-vo-sY59DJw,"(0.17761759959431433, 0.0568479011570239, 0.2845582526714567, 0.3513935684524885, 0.10601709378667819, 0.02356558433803833)"
tb.1.de17878f.xRBq5QS61LDCfVodTFfs3Q,"(0.054884299705122486, 0.2143200051737287, 0.09434378186255059, 0.3597979408816475, 0.14558889580200954, 0.13106507657494118)"
tb.1.de2cb2eb.wXbuWzhdu_JerrTJSVp87g,"(0.22602823882214068, 0.08792209290422112, 0.0882257510526925, 0.044594228714717125, 0.05221903819557227, 0.5010106503106564)"
tb.1.de5a6192.h6a3GUwlWhM7geIIe53sng,"(0.6250831206434824, 0.026998850811318965, 0.008998617295818613, 0.33158007075822077, 0.006217642441602549, 0.001121698049556686)"
tb.1.df961b3c.5AwWmHhyNdqOn3MLGl3hNg,"(0.3672796448410322, 3.474366345188265e-07, 0.017836942628095404, 0.15534635892617807, 0.17189640020068886, 0.287640305967371)"
tb.1.e06c1cf2.FCXcLGEaRbu2J-hQNe_Cuw,"(0.028682433212661854, 0.16519931220951964, 0.3221614180121388, 0.02199835972910029, 0.4616492735840899, 0.0003092032524894935)"
tb.1.e10a495f.9K4kHD0EGVI2XDu4JHbPoA,"(0.22394999643229593, 0.07879183620607755, 0.1471298298022767, 0.09046358160754095, 0.4596360845237475, 2.86714280614279e-05)"
tb.1.e28421bc.sWQbYEWwYmCxYBd6-xCWyg,"(0.3351763969296675, 0.03658087841205855, 0.1107530143547246, 0.17124590818672228, 0.2304028607344067, 0.11584094138242043)"
tb.1.e33947a6.aTOeWnUkE-5qQywemq8SvA,"(0.04734970837177786, 1.7211021204141542e-08, 1.6218687199136285e-08, 1.0941194213370444e-05, 3.064896876148626e-05, 0.9526086680355389)"
tb.1.e36f3e6f.In9alE9edag7mbWizHfR6g,"(0.002791209554209643, 0.03757997202591301, 0.016482979480934815, 0.871844001519849, 0.0699069536667648, 0.0013948837523287355)"
tb.1.e4d69428.0cGlHDk1Td9DD5-sLETF0w,"(0.11231961974928109, 0.2843751247366755, 0.2011553336166396, 0.1429735749476739, 0.12520580684444704, 0.1339705401052828)"
tb.1.e4fbf6ea.SZYgIjvb33KpuZKaxAY6eA,"(0.17822658109168532, 0.14570806032388067, 0.3292617699613421, 0.20889107097952783, 0.030552700729829345, 0.1073598169137347)"
tb.1.e51449f1.DaeKsBqfxzko2s9U1T8JmQ,"(3.9890541530481006e-05, 0.04651776317614531, 0.01877790455153672, 0.16067755569558295, 0.6371333116322868, 0.13685357440291762)"
tb.1.e52b38d4.E-CxE9LjpqjZ9dKffxaapA,"(0.05858483403022591, 1.84742304356848e-06, 1.1807283576719055e-05, 0.12450976258972975, 0.8168861229599829, 5.625713441103519e-06)"
tb.1.e57d19bb.SzMj8Z2CRblqpNsexC2vcQ,"(4.717661863282088e-05, 0.046263410889969235, 0.005914832939576681, 0.025809646151733655, 0.9219028683536872, 6.206504640048421e-05)"
tb.1.e5d2ef73.nNlTU_GmyYm0UwD3NXCplw,"(1.725899387408871e-05, 0.027796851623157596, 0.2326164976096893, 0.5173133022796657, 0.2222456550964975, 1.0434397115779424e-05)"
tb.1.e66e98a4.3VY0n1FWk0kRM-3tsyGuhQ,"(0.09968890464355212, 0.011933033764686593, 0.24052367166672997, 0.052651971672898666, 0.024151517235204267, 0.5710509010169285)"
tb.1.e70eb651.SOUaLVJIsSLnJc_g1lo4jg,"(0.8851369811058809, 2.3873924051080557e-06, 0.06129319260750311, 0.018117204809728508, 0.035450188741614964, 4.5342867380203654e-08)"
tb.1.e7d66827.Ob-S--FJ4PONu6OqXJOSOg,"(0.12864998938060282, 0.028715211570787144, 0.033834265403505745, 0.3289080820216247, 0.10214559207099178, 0.3777468595524879)"
tb.1.e7dd1dc1.Le8dqQBT3EmOz754EnWlkw,"(5.2982952066819474e-05, 6.023672765051695e-06, 0.030408994758426955, 0.9435617780339658, 4.509784844784035e-05, 0.025925122734327472)"
tb.1.e804cd5.bww0BuoYWX1Y3aZBeSJoig,"(9.359053607906808e-05, 0.00013719716886539856, 0.00012186028850464777, 0.0001139601799844173, 0.9994850459422622, 4.834588430421903e-05)"
tb.1.e8d4c435.AaCDNHw28X1Am8OLOb8MOQ,"(0.06692901727632787, 0.014924740571497565, 0.5417178059774233, 0.37466632232084657, 3.031716014762691e-05, 0.0017317966937569938)"
tb.1.e8e5340d.m8DHRgGCiBg3bORytVo63g,"(0.18776920325992905, 0.04002837197882783, 0.3213095453047692, 0.23792033929765977, 0.11198711028942294, 0.10098542986939119)"
tb.1.e9b1be6b.owTpithgI6SFqUELz_xAdQ,"(0.24648747897778683, 0.12158566591519424, 0.18661306853433887, 0.17136376294545047, 0.19700106802374395, 0.07694895560348569)"
tb.1.ea434e8a.xm1C-DW7WTmIGd8tNrPg4Q,"(0.12308963003274309, 0.46235879820159126, 0.022723174194680434, 0.04138731667286403, 0.20686309392186, 0.14357798697626117)"
tb.1.ebd2bc2a.Cyl5kiPVV2L0cxyRk0sb-g,"(0.0695853217037267, 0.15768697906284201, 4.1419804641279026e-05, 0.5840551629454884, 0.04656993351191673, 0.1420611829713849)"
tb.1.ec03795d.f55-Rv46J0yxkOw903kUeg,"(0.09537080274049682, 0.04993974667017727, 0.1053290223557724, 0.3960743403483237, 0.32865075974270963, 0.024635328142520115)"
tb.1.ec685782.tN9t8QHcBofoI5ahAszHkQ,"(3.943641694512945e-05, 1.2358501109793564e-05, 3.669974283547927e-05, 0.9559303709017206, 0.022991824552895272, 0.020989309884493792)"
tb.1.ec7eacd1.PZV0POM3pvMW-nLvJWpFig,"(0.05400240446422272, 0.05496117475004307, 0.08578087422994157, 0.579915900272352, 0.21168265135575817, 0.013656994927682424)"
tb.1.ed5b6570.SWstENQOMUE-rkOcqkxwzQ,"(0.07506652090691081, 0.23191424037567898, 0.3960542198223312, 0.11646700038393411, 0.1098649716154892, 0.07063304689565571)"
tb.1.edd5ec99.xaU7tKTQngnk2-mWIk3c1Q,"(0.011807245776304043, 0.13400515977503613, 0.029335024202230834, 0.053071920211338185, 0.5131115089636193, 0.2586691410714714)"
tb.1.ee15c12b.TE0SKZpV6r75o9Rs0s0hSQ,"(0.5658661440805459, 0.10386074343030928, 0.036080594086486714, 0.264117018691728, 0.0070242448100105645, 0.023051254900919537)"
tb.1.ef4a128b.q_8nuwexBSu3hnhPS4xgfw,"(0.16773368928135013, 0.11878788454683394, 0.26387900093219424, 0.22973953738507966, 0.14336760532118753, 0.07649228253335452)"
tb.1.ef7fbe3.1EwfeIyT2Jy1_IZTOrzpPQ,"(0.27503115695754005, 0.036465402671176275, 0.39225191737787857, 0.08927880655473855, 0.023753614509029134, 0.1832191019296373)"
tb.1.ef8b76f3.e94HPoDc3gOByu-ofBte2g,"(1.9566489786979804e-07, 2.253198703782523e-07, 2.123286267601273e-07, 1.769908576558191e-07, 0.9999988808483421, 3.0884740514011505e-07)"
tb.1.efbf623e.BmuSo2ndM9ohR_D8CBO6xA,"(0.5125282311713578, 1.561992552075184e-05, 0.025291935336347632, 0.20210825153150785, 0.13392966308354998, 0.12612629895171606)"
tb.1.f072c039.gBSorBxdgO6l35A2ao3q9Q,"(0.15680010792931406, 0.15870686087200525, 0.19099578755341157, 0.21949085843261104, 0.16294966062673755, 0.11105672458592034)"
tb.1.f1f0f122.MItl3Ld65Yvnmyl5QAecRg,"(0.6533105886419838, 0.17457697436008018, 0.049622059647681196, 0.0722575855033677, 0.04869868935987936, 0.0015341024870077584)"
tb.1.f1f48af8.ealeDflFaLBfTHicUaWw-A,"(0.9992666404890163, 5.640457036613313e-05, 6.69296647148577e-05, 0.000162681607157163, 0.00010187597695427487, 0.00034546769179134076)"
tb.1.f37af2d7.pSG9a_slRqSk3XbEHl-3cw,"(0.03674429241550408, 0.016684204946448036, 0.9258732960377531, 3.0162379214628578e-05, 0.00013380574566165904, 0.020534238475418444)"
tb.1.f3ccc394.W35Um23RsmuBC3GKxYC5AA,"(0.14476208449029934, 0.006007299984340434, 0.04845252291079633, 0.6498309156718901, 0.07078236309418798, 0.08016481384848564)"
tb.1.f3eba9dc.mhqNtuBTqGeznRcm5yGD4Q,"(0.15699423140257998, 0.11462921154204084, 0.1906700498203596, 0.21682803918943513, 0.12069496487059972, 0.20018350317498473)"
tb.1.f442a1e8.BKrcNsydg9ZP3dYAqRYCEA,"(0.04922730807196202, 0.016408910965632822, 0.008877228967659188, 0.09333846123525599, 0.03901602079416327, 0.793132069965327)"
tb.1.f6582cac.3M5ZMOo_k5JqOqqsB76KXg,"(0.028402987494374417, 4.250038339836827e-05, 0.7329744386923572, 0.0973621164963795, 0.14117600541102032, 4.195152247011802e-05)"
tb.1.f6dfcf80.SEOblGQt7JnhoLtd08p6pQ,"(0.045793122886493544, 0.09242569377299832, 0.04240348667306071, 0.2861391445769033, 0.4922392779625122, 0.04099927412803193)"
tb.1.f758e5c4.Lp1QmyXZFXt_UOZdFeztlg,"(0.03723856314570403, 0.04960470710597521, 0.015186667744346287, 0.01806698046219181, 0.8084690970860243, 0.07143398445575833)"
tb.1.f78c13a5.95UZJV2xq_3US1P4uHbdUQ,"(0.058293526879010155, 0.0730977043853378, 0.37838303214595964, 0.2697656198473861, 0.11732382408458764, 0.10313629265771865)"
tb.1.f80f89c0.2CvB6sadB6H3CXcyxtxkuA,"(0.13185733869398414, 0.23548498521980754, 0.1396935632031694, 0.3967084377969239, 0.08068545140282748, 0.015570223683287645)"
tb.1.f818cf74.Olk3dOf8S447cIDPWhfTpA,"(0.051709687961658986, 0.046920662385125066, 0.2769057861570616, 0.3064390694439115, 0.29941007207773357, 0.018614721974509335)"
tb.1.f91cc198.cr7CA6idS9Mudz-rkdtQvg,"(0.4215648093388477, 0.013874058775331426, 0.0010222565574718198, 0.5337881134656632, 0.029712832152791066, 3.7929709894621564e-05)"
tb.1.f96b300b.YM3ABK6pkQ5RUF23dqSEhw,"(5.448180919545691e-08, 6.273907236065293e-08, 0.9992088456675559, 4.928212592613949e-08, 0.0007909018325841586, 8.599685268306369e-08)"
tb.1.fbeeebf1.DxwY6Gg7PH3lfhA3cfiD1g,"(0.3185820344755194, 0.009857310250551247, 0.0020049049747595553, 0.007882795698860651, 0.019776208255957283, 0.6418967463443513)"
tb.1.fc650e01.63xoLLLZCkFyK1RPWw3zHA,"(0.21635666099842502, 0.05085091358249784, 0.026796232167008275, 0.1337826409234311, 0.5402397934423226, 0.031973758886315096)"
tb.1.fc8d0f0f.EjsXyoHuEC3Ma5XTjayYsQ,"(0.07029440370885513, 0.6623245511304878, 0.06047610212365278, 0.1309048014306913, 0.015725049792039286, 0.06027509181427357)"
tb.1.fcb087d5.mDw7F53ngafQN3ZzmHTaQA,"(6.810257371308982e-05, 0.8054416793709127, 0.13141297047077352, 0.06291113291888496, 6.713246030177115e-05, 9.898220541371431e-05)"
tb.1.fcf80a06.rs2YE2LzrQx0sslxfqR4qQ,"(3.798196180127299e-07, 0.0046079790264285155, 0.017335915240944893, 0.9780533681598296, 1.6918842747169988e-06, 6.658689043011624e-07)"
tb.1.fd531050.7qp8rgV4O-yytWMh3sxk7w,"(0.03304475689537062, 0.05180463535761763, 0.025728483785816884, 0.637364495142086, 0.09613254508875703, 0.1559250837303518)"
tb.1.fd57872f.2F15C8nxEz6cpEZyti0BpQ,"(0.11109678064056806, 6.694446025571985e-08, 0.777638374739063, 2.806260046001697e-05, 7.420283330088645e-08, 0.11123664087261521)"
tb.1.fdec6c90.lmNJBrhZ066EtfU36r13JQ,"(0.4365559595981527, 7.2302644574532e-05, 0.47594815465082874, 0.00014395950652096857, 0.08718051789688792, 9.91057030350908e-05)"
tb.1.fe245957.c7G3WyUSzkMYWSfVmxQOhA,"(0.443766420076313, 0.001745121271514874, 3.446432447991021e-05, 0.5494888778190692, 1.1589066711964946e-05, 0.0049535274419109125)"
tb.1.ffcd11f9.oRlKdVEnZmmIanF8Q2FdMw,"(1.4389075674715643e-05, 0.008172358795918653, 0.8236101473926718, 0.02751030027029308, 0.016899837701320756, 0.12379296676412102)"
tb.1.ffdf32d.vmeiZjI1Dztut-LgVubkLQ,"(0.18956516194955647, 0.13896710679334043, 0.19521691429966823, 0.12407962778454318, 0.21670619903685323, 0.13546499013603863)"
