ID,Funct,Pronoun,PPron,I,We,You,SheHe,They,iPron,Article,Verb,AuxVerb,enPast,enPresent,enFuture,Adverb,Preps,Conj,Negate,Quant,Number,Swear,YouPL,PrepEnd,SpecArt,QuanUnit,Interjunction,MultiFun,TenseM,PastM,PresentM,FutureM,ProgM,Social,Family,Friend,Humans,Affect,PosEmo,NegEmo,Anx,Anger,Sad,CogMech,Insight,Cause,Discrep,Tentat,Certain,Inhibition,Inclusive,Exclusive,Percept,See,Hear,Feel,Bio,Body,Health,Sexual,Ingest,Relative,Motion,Space,Time,Work,Achieve,Leisure,Home,Money,Religion,Death,Assent,Nonfl,Filler,Psychology,Love,tPast,tNow,tFuture,Period,Comma,Colon,SemiC,QMark,Exclam,Dash,Quote,Apostrophe,Parenth,OtherP,WordCount,WordPerSentence,RateDicCover,RateNumeral,RateSixLtrWord,RateFourCharWord,RateLatinWord,NumAtMention,NumEmotion,NumHashTag,NumURLs
0,0.367147,0.0974063,0.0737752,0.0507205,0,0.0167147,0.00403458,0.00230548,0.0242075,0,0.120461,0.0357349,0,0,0,0.0899135,0.0334294,0.032853,0,0.0201729,0.00806916,0.00172911,0,0.00864553,0.00634006,0.0144092,0.0576369,0.059366,0.0351585,0.00230548,0.00691643,0.0092219,0.0167147,0.0864553,0.0126801,0.00288184,0.0230548,0.0806916,0.0322767,0.0363112,0.00345821,0.00634006,0.0103746,0.18732,0.0207493,0.0172911,0.0391931,0.0288184,0.0126801,0.00461095,0.0322767,0.0363112,0.0242075,0.00518732,0.00864553,0.00288184,0.0340058,0.0115274,0.0201729,0.00230548,0.00230548,0.0622478,0.0132565,0.0230548,0.0334294,0.0138329,0.0144092,0.00345821,0.00461095,0.000576369,0.000576369,0.0103746,0.0345821,0.00172911,0.00461095,0.0201729,0,0.00345821,0.00172911,0.00230548,0.145821,0.0340058,0,0,0,0,0,0.070317,0,0.0357349,0,1735,6.83071,0.918156,0.0172911,0.0178674,0.021902,0.0184438,0,30,0,0
0,0.34551,0.0740741,0.0502283,0.0365297,0.00202943,0.00659564,0.00405885,0.000507357,0.0253678,0,0.115677,0.0289193,0,0,0,0.0887874,0.0360223,0.0319635,0,0.0152207,0.0101471,0.00101471,0.000507357,0.0111618,0.00811771,0.0197869,0.0644343,0.0568239,0.0350076,0.00152207,0.00811771,0.00913242,0.0157281,0.0857433,0.0111618,0.00101471,0.0223237,0.079655,0.0400812,0.0243531,0.00304414,0.00456621,0.00811771,0.165398,0.0162354,0.0111618,0.0289193,0.0243531,0.0101471,0.00558092,0.0319635,0.0324708,0.0233384,0.00456621,0.00659564,0.00507357,0.0289193,0.00659564,0.0172501,0.000507357,0.00608828,0.0700152,0.014206,0.0289193,0.029934,0.0243531,0.0116692,0.00710299,0.00253678,0.00253678,0.00152207,0.00456621,0.0416032,0.00304414,0.00456621,0.0223237,0,0.00152207,0.00253678,0.00253678,0.158295,0.029934,0,0,0,0,0,0.0618975,0,0.0314561,0,1971,6.29712,0.883308,0.0152207,0.0157281,0.021309,0.0167428,0,30,0,0
0,0.359678,0.0605774,0.0397539,0.0288689,0.0023663,0.00567913,0.0023663,0,0.0227165,0,0.115949,0.0302887,0,0,0,0.0960719,0.0383341,0.0392806,0,0.0137246,0.0104117,0.000473261,0.000473261,0.0118315,0.0104117,0.0260293,0.0681496,0.0643635,0.0492191,0.00615239,0.012778,0.00993848,0.0203502,0.0676763,0.00331283,0.00331283,0.0179839,0.0785613,0.0392806,0.023663,0.00378609,0.00283956,0.0104117,0.178893,0.0246096,0.00851869,0.0293422,0.0269759,0.012778,0.00378609,0.0331283,0.032655,0.0250828,0.00615239,0.00473261,0.00615239,0.032655,0.00804543,0.0194037,0.000473261,0.00425935,0.08708,0.0146711,0.0487459,0.0336015,0.0194037,0.0118315,0.00615239,0.00473261,0.00141978,0.00331283,0.00567913,0.054425,0.0023663,0.00757217,0.032655,0.000473261,0.00331283,0.00331283,0.00189304,0.156649,0.0279224,0,0,0,0,0,0.0572646,0,0.0293422,0,2113,6.36446,0.887837,0.0141978,0.0141978,0.019877,0.0165641,0,30,0,0
0,0.331606,0.0559585,0.0357513,0.0248705,0.00362694,0.00518135,0.00103627,0.000518135,0.0227979,0,0.120725,0.0253886,0,0,0,0.0932642,0.0362694,0.0378238,0,0.0119171,0.00984456,0.00207254,0.000518135,0.011399,0.00880829,0.0238342,0.0683938,0.0689119,0.0373057,0.00362694,0.00984456,0.00777202,0.0160622,0.0663212,0.00310881,0.00362694,0.015544,0.0792746,0.0378238,0.0259067,0.00414508,0.00518135,0.0103627,0.182902,0.0253886,0.0119171,0.0238342,0.0207254,0.0119171,0.00362694,0.0373057,0.0398964,0.0248705,0.00518135,0.00414508,0.00621762,0.0295337,0.00932642,0.0129534,0.00259067,0.00569948,0.0792746,0.0150259,0.0450777,0.0279793,0.0186528,0.00932642,0.00777202,0.00621762,0.0015544,0.00362694,0.00259067,0.0440415,0.00310881,0.00569948,0.0274611,0,0.00259067,0.00207254,0.000518135,0.162176,0.0305699,0,0,0,0,0,0.0626943,0,0.0321244,0,1930,6.1465,0.887047,0.015544,0.015544,0.0222798,0.0165803,0,30,0,0
0,0.35806,0.0608654,0.040894,0.0304327,0.00332858,0.00570613,0.000951022,0,0.022349,0,0.122682,0.0313837,0,0,0,0.0860675,0.0389919,0.0361388,0,0.0156919,0.0109368,0.00190204,0.000475511,0.0118878,0.0109368,0.0247266,0.0670471,0.065145,0.0451736,0.00475511,0.0114123,0.0104612,0.0185449,0.0684736,0.0042796,0.00332858,0.0190204,0.0841655,0.0413695,0.0285307,0.00380409,0.00523062,0.0109368,0.17689,0.0242511,0.0085592,0.0304327,0.0252021,0.0147408,0.00523062,0.0309082,0.0313837,0.0247266,0.00570613,0.00380409,0.00570613,0.0337613,0.00713267,0.019496,0.00237756,0.0042796,0.0827389,0.0152164,0.0494532,0.0280552,0.0171184,0.0118878,0.00570613,0.00523062,0.00142653,0.00237756,0.00523062,0.0499287,0.00142653,0.00523062,0.0313837,0,0.00237756,0.00190204,0.00142653,0.155017,0.0280552,0,0,0,0,0,0.0575369,0,0.0294817,0,2103,6.43119,0.887304,0.0142653,0.0142653,0.0199715,0.0161674,0,30,0,0
0,0.360095,0.0608076,0.039905,0.0270784,0.00285036,0.00712589,0.0023753,0,0.0228029,0,0.11924,0.032304,0,0,0,0.0935867,0.039905,0.0370546,0.000475059,0.0133017,0.0109264,0.000475059,0.000475059,0.0109264,0.00997625,0.0251781,0.0665083,0.063658,0.0451306,0.00427553,0.0123515,0.00997625,0.0185273,0.0703088,0.00332542,0.00332542,0.0180523,0.080285,0.039905,0.0247031,0.00380048,0.00332542,0.0104513,0.180998,0.0232779,0.00902613,0.0327791,0.0275534,0.0147268,0.00380048,0.0337292,0.032304,0.0256532,0.00617577,0.00522565,0.00617577,0.0327791,0.00855107,0.0194774,0.000950119,0.00427553,0.0864608,0.015677,0.0484561,0.0327791,0.0171021,0.0118765,0.00617577,0.00475059,0.00142518,0.00285036,0.00522565,0.0532067,0.00190024,0.00665083,0.0337292,0.000475059,0.0023753,0.00285036,0.00190024,0.159145,0.0280285,0,0,0,0,0,0.0574822,0,0.0294537,0,2105,6.26488,0.891686,0.0142518,0.0142518,0.0199525,0.0166271,0,30,0,0
0,0.348086,0.0621581,0.041273,0.0313277,0.0014918,0.00497265,0.00248633,0.000497265,0.0233715,0,0.120835,0.0313277,0,0,0,0.0905022,0.0377921,0.0328195,0,0.0139234,0.00944804,0.000497265,0.000497265,0.0104426,0.00944804,0.0218797,0.0641472,0.0606663,0.0457484,0.00397812,0.0124316,0.0099453,0.0193933,0.0671308,0.00497265,0.00348086,0.0188961,0.0885132,0.0427648,0.0288414,0.00497265,0.00348086,0.0124316,0.171556,0.0228742,0.00795624,0.0283441,0.0253605,0.0124316,0.00497265,0.0323222,0.0323222,0.0248633,0.00596718,0.00397812,0.00546992,0.031825,0.00745898,0.0198906,0,0.00447539,0.0785679,0.0154152,0.0422675,0.0303332,0.0183988,0.0114371,0.00696171,0.00546992,0.0014918,0.0014918,0.00546992,0.0527101,0.00248633,0.00745898,0.031825,0.000497265,0.00248633,0.00298359,0.0014918,0.155644,0.0293386,0,0,0,0,0,0.0606663,0,0.0308304,0,2011,6.40446,0.886624,0.014918,0.014918,0.0203879,0.0164097,0,30,0,0
0,0.347202,0.0520059,0.0326895,0.0198118,0.00346706,0.00594354,0.00247647,0,0.0212977,0,0.114908,0.0321942,0,0,0,0.0926201,0.0401189,0.0371471,0.000495295,0.0138683,0.0113918,0,0.000990589,0.0104012,0.0104012,0.0237741,0.063893,0.0648836,0.0411095,0.00396236,0.0123824,0.0094106,0.0153541,0.0663695,0.00297177,0.00346706,0.0143635,0.0762754,0.0391283,0.0242694,0.00445765,0.00247647,0.0108965,0.182268,0.0277365,0.0118871,0.03368,0.0267459,0.0138683,0.00396236,0.0346706,0.0316989,0.0257553,0.00544824,0.00445765,0.00643883,0.0371471,0.0104012,0.021793,0.000495295,0.00495295,0.0837048,0.0153541,0.0510154,0.0287271,0.0178306,0.0118871,0.00643883,0.00544824,0.00148588,0.00445765,0.00594354,0.0510154,0.00148588,0.00594354,0.03368,0.000495295,0.00198118,0.00247647,0.000990589,0.163447,0.0292224,0,0,0,0,0,0.0599307,0,0.0307083,0,2019,6.0997,0.892026,0.0148588,0.0148588,0.0203071,0.01684,0,30,0,0
0,0.353058,0.0571855,0.0363003,0.024366,0.00248633,0.00596718,0.00248633,0.000497265,0.0233715,0,0.119344,0.0303332,0,0,0,0.0914968,0.0402785,0.0377921,0,0.0154152,0.0104426,0.000497265,0.000497265,0.0114371,0.0099453,0.024366,0.0651417,0.0646445,0.0442566,0.00447539,0.0124316,0.00944804,0.0179015,0.0691198,0.00348086,0.00397812,0.0183988,0.082546,0.0442566,0.0228742,0.00397812,0.00298359,0.00944804,0.174043,0.0233715,0.00944804,0.0293386,0.026355,0.0134262,0.00348086,0.033814,0.0308304,0.026355,0.00646445,0.00497265,0.00646445,0.0348086,0.00895077,0.0198906,0.000497265,0.00497265,0.082546,0.0154152,0.0472402,0.0308304,0.0154152,0.00944804,0.00696171,0.00497265,0.0014918,0.00248633,0.00546992,0.0517156,0.00198906,0.00646445,0.0333168,0.000497265,0.00248633,0.00298359,0.0014918,0.157136,0.0293386,0,0,0,0,0,0.0601691,0,0.0308304,0,2011,6.34385,0.885132,0.014918,0.014918,0.0213824,0.0174043,0,30,0,0
0,0.359251,0.0594848,0.0393443,0.0266979,0.0028103,0.00702576,0.00234192,0,0.0224824,0,0.119438,0.0313817,0,0,0,0.095082,0.0416862,0.0379391,0.000468384,0.0135831,0.0107728,0.000468384,0.000468384,0.0112412,0.00983607,0.0248244,0.0665105,0.064637,0.0440281,0.00421546,0.0117096,0.00983607,0.018267,0.0702576,0.00327869,0.00327869,0.018267,0.0796253,0.0393443,0.0248244,0.00468384,0.0028103,0.00983607,0.183138,0.0248244,0.0103044,0.0309133,0.0276347,0.0159251,0.00374707,0.0346604,0.0318501,0.0266979,0.00608899,0.00562061,0.00608899,0.0337237,0.00936768,0.0192037,0.000936768,0.00374707,0.0866511,0.0149883,0.0487119,0.0327869,0.0163934,0.0117096,0.00608899,0.00562061,0.00140515,0.0028103,0.00515222,0.052459,0.00187354,0.00702576,0.0337237,0.000468384,0.00234192,0.0028103,0.00187354,0.159251,0.0276347,0,0,0,0,0,0.0566745,0,0.0290398,0,2135,6.261,0.892272,0.0140515,0.0140515,0.0201405,0.0163934,0,30,0,0
0,0.35939,0.056244,0.0381316,0.0252622,0.00238322,0.00762631,0.00238322,0,0.0200191,0,0.120591,0.0338418,0,0,0,0.0972355,0.0405148,0.0352717,0.000476644,0.014776,0.0109628,0.000476644,0.000476644,0.0114395,0.0100095,0.0228789,0.0662536,0.0610105,0.0486177,0.00571973,0.0128694,0.0104862,0.0195424,0.0700667,0.00333651,0.00333651,0.0176358,0.077693,0.0409914,0.0228789,0.0042898,0.00238322,0.0100095,0.183508,0.0252622,0.0085796,0.034795,0.028122,0.0157293,0.0042898,0.0314585,0.0328885,0.0262154,0.00667302,0.0042898,0.00667302,0.0352717,0.0100095,0.0200191,0.000476644,0.0042898,0.0915157,0.0166826,0.0519542,0.0333651,0.0176358,0.013346,0.00571973,0.00619638,0.00142993,0.00333651,0.00571973,0.0538608,0.00190658,0.00667302,0.0328885,0.000476644,0.00333651,0.00333651,0.00238322,0.161582,0.028122,0,0,0,0,0,0.057674,0,0.029552,0,2098,6.17059,0.895138,0.0142993,0.0142993,0.0190658,0.0166826,0,30,0,0
0,0.358579,0.0617111,0.0411407,0.030388,0.00233754,0.00701262,0.000935016,0,0.0224404,0,0.126695,0.031323,0,0,0,0.0930341,0.0383357,0.0364656,0.000467508,0.0140252,0.0107527,0.00187003,0.000467508,0.0107527,0.00981767,0.0238429,0.0659187,0.0659187,0.0444133,0.00467508,0.0102852,0.0107527,0.0187003,0.0687237,0.00327256,0.00327256,0.0187003,0.084619,0.0411407,0.028518,0.00607761,0.00467508,0.0107527,0.179056,0.0243104,0.00794764,0.0317906,0.0257129,0.0144928,0.00374007,0.030388,0.0341281,0.0257129,0.00514259,0.0056101,0.0056101,0.0341281,0.00888266,0.0182328,0.00280505,0.00374007,0.083684,0.0149603,0.0490884,0.0299205,0.0154278,0.0112202,0.00607761,0.00514259,0.00140252,0.00280505,0.00748013,0.0532959,0.00187003,0.00607761,0.0317906,0,0.00233754,0.00187003,0.00187003,0.15942,0.027583,0,0,0,0,0,0.0565685,0,0.0289855,0,2139,6.25439,0.892473,0.0140252,0.0140252,0.0191678,0.0158953,0,30,0,0
0,0.359678,0.0605774,0.0397539,0.0288689,0.0023663,0.00567913,0.0023663,0,0.0227165,0,0.115949,0.0302887,0,0,0,0.0960719,0.0383341,0.0392806,0,0.0137246,0.0104117,0.000473261,0.000473261,0.0118315,0.0104117,0.0260293,0.0681496,0.0643635,0.0492191,0.00615239,0.012778,0.00993848,0.0203502,0.0676763,0.00331283,0.00331283,0.0179839,0.0785613,0.0392806,0.023663,0.00378609,0.00283956,0.0104117,0.178893,0.0246096,0.00851869,0.0293422,0.0269759,0.012778,0.00378609,0.0331283,0.032655,0.0250828,0.00615239,0.00473261,0.00615239,0.032655,0.00804543,0.0194037,0.000473261,0.00425935,0.08708,0.0146711,0.0487459,0.0336015,0.0194037,0.0118315,0.00615239,0.00473261,0.00141978,0.00331283,0.00567913,0.054425,0.0023663,0.00757217,0.032655,0.000473261,0.00331283,0.00331283,0.00189304,0.156649,0.0279224,0,0,0,0,0,0.0572646,0,0.0293422,0,2113,6.36446,0.887837,0.0141978,0.0141978,0.019877,0.0165641,0,30,0,0
0,0.361914,0.0606348,0.0397916,0.0284225,0.00236855,0.00663193,0.00189484,0,0.022738,0,0.118901,0.0341071,0,0,0,0.0985315,0.0393179,0.0369493,0.000473709,0.0132639,0.0104216,0.000473709,0.000473709,0.0118427,0.00994789,0.0246329,0.0677404,0.063477,0.0492658,0.00615822,0.0127901,0.00994789,0.0203695,0.0682141,0.00331596,0.00331596,0.0184747,0.078162,0.0393179,0.0232117,0.00426338,0.00236855,0.0104216,0.180483,0.0246329,0.00757935,0.0336333,0.0284225,0.014685,0.00426338,0.0317385,0.0331596,0.0255803,0.00615822,0.00426338,0.00663193,0.0326859,0.00805306,0.0189484,0.000473709,0.00473709,0.0890573,0.0151587,0.0497395,0.0341071,0.0194221,0.0132639,0.00568451,0.00473709,0.00142113,0.00331596,0.00568451,0.0568451,0.00236855,0.00805306,0.0322122,0.000473709,0.00331596,0.00331596,0.00236855,0.162482,0.0279488,0,0,0,0,0,0.0573188,0,0.02937,0,2111,6.13663,0.894363,0.0142113,0.0142113,0.0194221,0.0165798,0,30,0,0
0,0.35939,0.056244,0.0381316,0.0252622,0.00238322,0.00762631,0.00238322,0,0.0200191,0,0.120591,0.0338418,0,0,0,0.0972355,0.0405148,0.0352717,0.000476644,0.014776,0.0109628,0.000476644,0.000476644,0.0114395,0.0100095,0.0228789,0.0662536,0.0610105,0.0486177,0.00571973,0.0128694,0.0104862,0.0195424,0.0700667,0.00333651,0.00333651,0.0176358,0.077693,0.0409914,0.0228789,0.0042898,0.00238322,0.0100095,0.183508,0.0252622,0.0085796,0.034795,0.028122,0.0157293,0.0042898,0.0314585,0.0328885,0.0262154,0.00667302,0.0042898,0.00667302,0.0352717,0.0100095,0.0200191,0.000476644,0.0042898,0.0915157,0.0166826,0.0519542,0.0333651,0.0176358,0.013346,0.00571973,0.00619638,0.00142993,0.00333651,0.00571973,0.0538608,0.00190658,0.00667302,0.0328885,0.000476644,0.00333651,0.00333651,0.00238322,0.161582,0.028122,0,0,0,0,0,0.057674,0,0.029552,0,2098,6.17059,0.895138,0.0142993,0.0142993,0.0190658,0.0166826,0,30,0,0
0,0.355301,0.0625597,0.0425024,0.030086,0.00238777,0.00716332,0.00238777,0,0.0219675,0,0.117001,0.0296084,0,0,0,0.0907354,0.0382044,0.0358166,0.000477555,0.0143266,0.0109838,0.000477555,0.000477555,0.0105062,0.0100287,0.0238777,0.0659026,0.0620821,0.0444126,0.00429799,0.0114613,0.0100287,0.0186246,0.0711557,0.00334288,0.00334288,0.0181471,0.0802292,0.0405922,0.025788,0.00477555,0.00286533,0.0114613,0.17574,0.0253104,0.00859599,0.0305635,0.0267431,0.0148042,0.00429799,0.030086,0.030086,0.0267431,0.00620821,0.0052531,0.00620821,0.0334288,0.00811843,0.0200573,0.00095511,0.00382044,0.0883477,0.0152818,0.0506208,0.0329513,0.0176695,0.0133715,0.0052531,0.00477555,0.00143266,0.00334288,0.00573066,0.0515759,0.00191022,0.00620821,0.0334288,0.000477555,0.00238777,0.00286533,0.00191022,0.160458,0.0281757,0,0,0,0,0,0.0577841,0,0.0296084,0,2094,6.21365,0.891117,0.0143266,0.0143266,0.0195798,0.0167144,0,30,0,0
0,0.347723,0.0592979,0.038425,0.0289374,0.0028463,0.00474383,0.000948767,0,0.022296,0,0.124763,0.0289374,0,0,0,0.0910816,0.03463,0.0393738,0,0.0128083,0.0104364,0.00189753,0.000948767,0.0104364,0.0104364,0.0232448,0.0687856,0.0678368,0.0431689,0.00426945,0.00996205,0.0104364,0.0185009,0.0664137,0.0028463,0.00332068,0.0185009,0.0834915,0.0379507,0.0303605,0.00474383,0.00474383,0.0128083,0.18074,0.0241935,0.0085389,0.0298861,0.0241935,0.0104364,0.00521822,0.0317837,0.0388994,0.0251423,0.00426945,0.00521822,0.0056926,0.0360531,0.00948767,0.0194497,0.00237192,0.00521822,0.0782732,0.0166034,0.0469639,0.0251423,0.0189753,0.012334,0.00616698,0.00521822,0.00142315,0.00332068,0.00759013,0.0479127,0.00189753,0.00664137,0.0303605,0,0.00237192,0.00142315,0.000474383,0.15797,0.0279886,0,0,0,0,0,0.056926,0,0.0294118,0,2108,6.31138,0.888994,0.0142315,0.0142315,0.0199241,0.0156546,0,30,0,0
0,0.354914,0.0610154,0.0391244,0.029809,0.00232883,0.00558919,0.000931532,0,0.0237541,0,0.126688,0.0307406,0,0,0,0.0954821,0.0372613,0.0377271,0,0.013973,0.0102469,0.00186306,0.000465766,0.0111784,0.00978109,0.0242198,0.065673,0.0675361,0.0447136,0.00465766,0.0111784,0.0102469,0.0186306,0.0666046,0.00326036,0.00326036,0.0190964,0.085701,0.0405217,0.0284117,0.00605496,0.00465766,0.0107126,0.181649,0.0251514,0.00791803,0.0302748,0.0256171,0.0121099,0.00372613,0.0326036,0.0372613,0.0251514,0.00512343,0.00512343,0.00558919,0.0335352,0.00884956,0.0181649,0.00232883,0.00372613,0.0791803,0.0144388,0.0465766,0.027946,0.0153703,0.00978109,0.00698649,0.00512343,0.0013973,0.0027946,0.00745226,0.0530973,0.00232883,0.00698649,0.0316721,0,0.00232883,0.00232883,0.0013973,0.156497,0.0274802,0,0,0,0,0,0.0563577,0,0.0288775,0,2147,6.37092,0.889613,0.013973,0.013973,0.0195622,0.0158361,0,30,0,0
0,0.322746,0.053791,0.0358607,0.0256148,0.00256148,0.00512295,0.00153689,0,0.0199795,0,0.129611,0.0245902,0,0,0,0.0963115,0.0348361,0.0389344,0,0.00717213,0.0102459,0.00204918,0.00102459,0.00922131,0.00665984,0.0199795,0.0732582,0.0758197,0.0358607,0.00461066,0.00665984,0.00819672,0.0163934,0.0630123,0.00256148,0.00256148,0.0128074,0.0845287,0.0373975,0.0343238,0.00665984,0.00461066,0.0128074,0.184426,0.0251025,0.0112705,0.0210041,0.0169057,0.0112705,0.00768443,0.0368852,0.0455943,0.0251025,0.00409836,0.00512295,0.00665984,0.0353484,0.0107582,0.0169057,0.00409836,0.00614754,0.0686475,0.013832,0.036373,0.0256148,0.017418,0.0122951,0.00614754,0.00409836,0.00102459,0.00358607,0.00665984,0.0440574,0.00153689,0.00717213,0.0276639,0,0.00307377,0.00153689,0.00102459,0.162398,0.0302254,0,0,0,0,0,0.0614754,0,0.0317623,0,1952,6.13836,0.884734,0.0153689,0.0153689,0.0210041,0.0163934,0,30,0,0
0,0.356608,0.0628429,0.040399,0.0304239,0.00349127,0.00448878,0.000997506,0.000498753,0.0244389,0,0.119202,0.0329177,0,0,0,0.0872818,0.0389027,0.0369077,0,0.0144638,0.0109726,0.000498753,0.000498753,0.0104738,0.00947631,0.0259352,0.0668329,0.0648379,0.0428928,0.00399002,0.0114713,0.00897756,0.0184539,0.0708229,0.00448878,0.00399002,0.0209476,0.086783,0.0413965,0.0279302,0.00299252,0.00448878,0.0114713,0.179052,0.0219451,0.00698254,0.0334165,0.0269327,0.0124688,0.00598504,0.0339152,0.0314214,0.0239401,0.00548628,0.00349127,0.00548628,0.032419,0.00798005,0.0194514,0.000498753,0.00448878,0.0773067,0.0149626,0.042394,0.0294264,0.0194514,0.0104738,0.00648379,0.00548628,0.00149626,0.00249377,0.00498753,0.0478803,0.00199501,0.0074813,0.0299252,0,0.00249377,0.00199501,0.000498753,0.154115,0.0294264,0,0,0,0,0,0.0608479,0,0.0309227,0,2005,6.46774,0.888279,0.0149626,0.0149626,0.0209476,0.0149626,0,30,0,0
0,0.35939,0.056244,0.0381316,0.0252622,0.00238322,0.00762631,0.00238322,0,0.0200191,0,0.120591,0.0338418,0,0,0,0.0972355,0.0405148,0.0352717,0.000476644,0.014776,0.0109628,0.000476644,0.000476644,0.0114395,0.0100095,0.0228789,0.0662536,0.0610105,0.0486177,0.00571973,0.0128694,0.0104862,0.0195424,0.0700667,0.00333651,0.00333651,0.0176358,0.077693,0.0409914,0.0228789,0.0042898,0.00238322,0.0100095,0.183508,0.0252622,0.0085796,0.034795,0.028122,0.0157293,0.0042898,0.0314585,0.0328885,0.0262154,0.00667302,0.0042898,0.00667302,0.0352717,0.0100095,0.0200191,0.000476644,0.0042898,0.0915157,0.0166826,0.0519542,0.0333651,0.0176358,0.013346,0.00571973,0.00619638,0.00142993,0.00333651,0.00571973,0.0538608,0.00190658,0.00667302,0.0328885,0.000476644,0.00333651,0.00333651,0.00238322,0.161582,0.028122,0,0,0,0,0,0.057674,0,0.029552,0,2098,6.17059,0.895138,0.0142993,0.0142993,0.0190658,0.0166826,0,30,0,0
0,0.347868,0.059593,0.0382752,0.0285853,0.00339147,0.00484496,0.000968992,0,0.0232558,0,0.114341,0.0285853,0,0,0,0.0935078,0.0368217,0.0402132,0,0.0135659,0.0106589,0.000484496,0.000484496,0.00920543,0.00872093,0.0232558,0.0678295,0.0687984,0.0402132,0.00387597,0.00968992,0.00872093,0.0179264,0.067345,0.00290698,0.00339147,0.0184109,0.0809109,0.0368217,0.0295543,0.00581395,0.00339147,0.0125969,0.181686,0.0237403,0.0101744,0.0300388,0.0251938,0.0116279,0.00387597,0.0358527,0.0358527,0.0261628,0.00436047,0.00581395,0.00581395,0.0343992,0.0111434,0.0188953,0.000484496,0.00436047,0.0775194,0.0145349,0.0465116,0.0251938,0.0150194,0.0106589,0.00532946,0.00581395,0.00145349,0.00387597,0.00775194,0.0479651,0.00193798,0.00678295,0.0314922,0,0.00242248,0.00145349,0.000484496,0.158915,0.0285853,0,0,0,0,0,0.0581395,0,0.0300388,0,2064,6.27356,0.887597,0.0145349,0.0145349,0.0203488,0.0159884,0,30,0,0
0,0.327569,0.0544252,0.0350966,0.0254323,0.00356053,0.00406918,0.00101729,0,0.0213632,0,0.131231,0.0264496,0,0,0,0.0976602,0.0356053,0.0371312,0,0.0076297,0.00915565,0.00203459,0.00101729,0.0101729,0.00661241,0.0208545,0.0727365,0.0768057,0.0366226,0.00406918,0.00813835,0.00813835,0.0162767,0.0651068,0.00254323,0.00305188,0.0152594,0.0859613,0.0376399,0.0330621,0.00610376,0.00457782,0.0116989,0.192269,0.0254323,0.0111902,0.0249237,0.0213632,0.0106816,0.00712106,0.0396745,0.0447609,0.0249237,0.00406918,0.00508647,0.00661241,0.0340793,0.0101729,0.0152594,0.00406918,0.00559512,0.0656155,0.0147508,0.0325534,0.025941,0.0183113,0.0106816,0.00712106,0.00356053,0.00101729,0.00457782,0.00661241,0.0442523,0.00152594,0.00813835,0.0284842,0,0.00305188,0.00152594,0.00101729,0.160224,0.0300102,0,0,0,0,0,0.0615463,0,0.0315361,0,1966,6.22152,0.890132,0.0152594,0.0152594,0.0208545,0.0152594,0,30,0,0
0,0.340106,0.0570876,0.0372521,0.0275762,0.00241896,0.00387034,0.00241896,0,0.0217707,0,0.132559,0.0299952,0,0,0,0.0924045,0.0353169,0.0391872,0,0.00967586,0.0106434,0.00193517,0.000967586,0.00967586,0.0101597,0.0217707,0.0686986,0.0720851,0.0387034,0.00338655,0.00967586,0.00870827,0.0169328,0.0657958,0.00290276,0.00290276,0.0159652,0.0807934,0.0362845,0.0319303,0.00580552,0.00483793,0.0120948,0.182874,0.0246734,0.00967586,0.0275762,0.0212869,0.0111272,0.0067731,0.0309627,0.0449927,0.0251572,0.00387034,0.00628931,0.00532172,0.0314465,0.00967586,0.0154814,0.00241896,0.00532172,0.0749879,0.0149976,0.044509,0.0241896,0.0198355,0.0125786,0.00628931,0.00580552,0.000483793,0.00290276,0.00628931,0.044509,0.00145138,0.00725689,0.0275762,0.000483793,0.00193517,0.00145138,0.000483793,0.156749,0.0285438,0,0,0,0,0,0.0580552,0,0.0299952,0,2067,6.36,0.881955,0.0145138,0.0145138,0.0203193,0.0159652,0,30,0,0
0,0.331539,0.0548977,0.0382131,0.0274489,0.00322928,0.00376749,0.00269107,0,0.0188375,0,0.134015,0.0312164,0,0,0,0.0995694,0.0355221,0.0414424,0.000538213,0.00645856,0.0080732,0.00215285,0.00107643,0.00914962,0.00645856,0.017761,0.0775027,0.0785791,0.0371367,0.00484392,0.00645856,0.00645856,0.0193757,0.0592034,0.00215285,0.00269107,0.0161464,0.0801938,0.0263724,0.0376749,0.0080732,0.00376749,0.0145318,0.199677,0.0258342,0.0123789,0.0247578,0.0231432,0.0118407,0.0080732,0.0409042,0.0462863,0.0242196,0.00430571,0.00538213,0.00538213,0.0360603,0.0107643,0.0182992,0.00538213,0.00484392,0.0613563,0.0134553,0.0279871,0.0258342,0.0145318,0.010226,0.00538213,0.00322928,0.00107643,0.00430571,0.0080732,0.0462863,0.00161464,0.00699677,0.0215285,0,0.00322928,0.00161464,0.000538213,0.153391,0.0317546,0,0,0,0,0,0.0645856,0,0.0333692,0,1858,6.4965,0.889128,0.0161464,0.0161464,0.0242196,0.0161464,0,30,0,0
0,0.350075,0.0666335,0.0417703,0.0328195,0.00198906,0.00447539,0.0014918,0.000497265,0.0258578,0,0.112382,0.0268523,0,0,0,0.0984585,0.0333168,0.0303332,0.000497265,0.0154152,0.0104426,0.000497265,0.000497265,0.0114371,0.00895077,0.0208851,0.0706116,0.0586773,0.0427648,0.00397812,0.0109398,0.0109398,0.016907,0.073098,0.00596718,0.00298359,0.0228742,0.0850323,0.0447539,0.0253605,0.00348086,0.00248633,0.00944804,0.159622,0.0203879,0.00745898,0.0253605,0.0203879,0.0109398,0.00447539,0.0313277,0.0298359,0.0223769,0.00447539,0.00447539,0.00497265,0.0293386,0.00447539,0.0183988,0.000497265,0.00646445,0.0740925,0.0139234,0.0323222,0.0333168,0.0223769,0.0134262,0.00696171,0.0014918,0.0014918,0.0014918,0.00646445,0.0447539,0.00248633,0.00546992,0.0248633,0,0.00248633,0.00198906,0.00248633,0.156638,0.0293386,0,0,0,0,0,0.0606663,0,0.0308304,0,2011,6.36392,0.884137,0.014918,0.0154152,0.0233715,0.0164097,0,30,0,0
0,0.343977,0.0575714,0.0372521,0.0285438,0.00241896,0.00483793,0.000967586,0,0.0222545,0,0.121432,0.0290276,0,0,0,0.0928882,0.0353169,0.039671,0,0.0120948,0.0106434,0.00193517,0.000483793,0.00967586,0.00967586,0.0232221,0.0667634,0.0686986,0.0411224,0.00387034,0.00967586,0.00967586,0.0179003,0.0657958,0.00290276,0.00290276,0.0174165,0.0832124,0.0377358,0.0309627,0.00580552,0.00483793,0.0120948,0.181906,0.025641,0.0101597,0.0275762,0.0232221,0.0120948,0.00387034,0.0333817,0.0391872,0.0251572,0.00338655,0.00580552,0.00532172,0.0348331,0.0101597,0.0188679,0.00241896,0.00435414,0.0745041,0.0145138,0.0440252,0.0251572,0.0154814,0.0106434,0.00628931,0.00628931,0.00145138,0.00290276,0.00774069,0.0493469,0.00193517,0.0067731,0.0309627,0,0.00241896,0.00145138,0.000483793,0.1582,0.0285438,0,0,0,0,0,0.0585389,0,0.0299952,0,2067,6.30183,0.887276,0.0145138,0.0145138,0.0203193,0.0159652,0,30,0,0
0,0.343493,0.0590227,0.0367683,0.02806,0.00338655,0.00387034,0.000967586,0,0.0241896,0,0.124819,0.0295114,0,0,0,0.0962748,0.0362845,0.039671,0,0.0111272,0.0106434,0.00193517,0.000483793,0.0101597,0.00919207,0.0241896,0.0662796,0.0696662,0.039671,0.00435414,0.0101597,0.00822448,0.0169328,0.0672472,0.00290276,0.00338655,0.0179003,0.0836962,0.0382196,0.030479,0.00580552,0.00483793,0.011611,0.185293,0.0251572,0.00919207,0.0295114,0.0227383,0.0106434,0.00387034,0.0358007,0.0416062,0.0251572,0.00435414,0.00532172,0.00580552,0.0324141,0.0111272,0.0154814,0.00241896,0.00435414,0.0764393,0.0135462,0.0454765,0.0251572,0.016449,0.00870827,0.0067731,0.00580552,0.00145138,0.00387034,0.00628931,0.0478955,0.00193517,0.00725689,0.0295114,0,0.00241896,0.00145138,0.000483793,0.156749,0.0285438,0,0,0,0,0,0.0585389,0,0.0299952,0,2067,6.36,0.887276,0.0145138,0.0145138,0.0208031,0.0154814,0,30,0,0
0,0.356138,0.0538574,0.0363901,0.0237749,0.00339641,0.00776322,0.000970403,0,0.0198933,0,0.119845,0.0329937,0,0,0,0.0975255,0.0412421,0.0359049,0.000485201,0.0150412,0.0111596,0.000485201,0.000485201,0.0106744,0.00873362,0.0228045,0.0664726,0.0635614,0.0465793,0.00582242,0.0111596,0.0106744,0.0189229,0.0679282,0.00339641,0.00339641,0.0174672,0.0790878,0.0393013,0.0257157,0.00485201,0.00291121,0.0106744,0.185347,0.0218341,0.00970403,0.0344493,0.0262009,0.0155264,0.00339641,0.0359049,0.0349345,0.0242601,0.00582242,0.00388161,0.00582242,0.0334789,0.0111596,0.0179525,0.000485201,0.00436681,0.089277,0.0164968,0.0509461,0.0310529,0.016982,0.0126152,0.00485201,0.00727802,0.0014556,0.00339641,0.00533721,0.0533721,0.00194081,0.00630762,0.0320233,0,0.00339641,0.00242601,0.00242601,0.161572,0.0286269,0,0,0,0,0,0.0582242,0,0.0300825,0,2061,6.17066,0.893741,0.014556,0.014556,0.0198933,0.0164968,0,30,0,0
0,0.36019,0.0559242,0.0379147,0.0241706,0.00331754,0.00758294,0.00236967,0,0.0203791,0,0.120853,0.0327014,0,0,0,0.0952607,0.0421801,0.036019,0.000473934,0.0146919,0.0109005,0.000473934,0.000473934,0.0113744,0.00995261,0.0227488,0.0672986,0.063981,0.0469194,0.0056872,0.0118483,0.0104265,0.0189573,0.0691943,0.00331754,0.00331754,0.0175355,0.0781991,0.0388626,0.0255924,0.00473934,0.0028436,0.0109005,0.18436,0.0232227,0.0104265,0.0331754,0.0260664,0.0156398,0.00379147,0.0350711,0.0331754,0.0260664,0.00663507,0.00473934,0.00616114,0.0350711,0.0118483,0.0189573,0.000473934,0.0042654,0.0914692,0.0170616,0.0516588,0.0327014,0.0156398,0.0118483,0.00521327,0.007109,0.0014218,0.00331754,0.00521327,0.0526066,0.00189573,0.00663507,0.0322275,0.000473934,0.00331754,0.0028436,0.00236967,0.16019,0.0279621,0,0,0,0,0,0.057346,0,0.0293839,0,2110,6.22419,0.894313,0.014218,0.014218,0.0194313,0.0165877,0,30,0,0
0,0.321815,0.0520887,0.0345539,0.024755,0.00257865,0.00464157,0.00154719,0,0.0201135,0,0.126354,0.0242393,0,0,0,0.0933471,0.0335224,0.0371325,0,0.00670449,0.00979887,0.00206292,0.00103146,0.00876741,0.00618876,0.0206292,0.0737494,0.0768437,0.0376483,0.00361011,0.00722022,0.00928314,0.0175348,0.0624033,0.00257865,0.00257865,0.013409,0.0835482,0.0361011,0.0345539,0.00670449,0.00464157,0.0123775,0.183084,0.0237236,0.0108303,0.0211449,0.0180505,0.0123775,0.00722022,0.0366168,0.0422898,0.0252708,0.00361011,0.0051573,0.00618876,0.0350696,0.00979887,0.0170191,0.00412584,0.00567303,0.0685921,0.0139247,0.0350696,0.0268179,0.0175348,0.0113461,0.00618876,0.00670449,0.00103146,0.00361011,0.00670449,0.0453842,0.00154719,0.00722022,0.0293966,0,0.00309438,0.00154719,0.00103146,0.161939,0.0304281,0,0,0,0,0,0.0624033,0,0.0319752,0,1939,6.15556,0.884477,0.0154719,0.0154719,0.0206292,0.0154719,0,30,0,0
0,0.361851,0.0575035,0.0378682,0.0252454,0.00233754,0.00748013,0.00233754,0,0.0215054,0,0.122487,0.0350631,0,0,0,0.100514,0.0416082,0.0359981,0.000467508,0.0144928,0.0107527,0.000467508,0.000467508,0.0116877,0.00981767,0.0238429,0.0654511,0.0612436,0.0481533,0.0056101,0.0130902,0.0102852,0.0191678,0.0687237,0.00327256,0.00327256,0.0182328,0.0785414,0.0402057,0.0224404,0.00420757,0.00233754,0.00935016,0.186536,0.0243104,0.00841515,0.0350631,0.0289855,0.0154278,0.00420757,0.0331931,0.0355306,0.0257129,0.00654511,0.00420757,0.00654511,0.0341281,0.00981767,0.0191678,0.000467508,0.00420757,0.0902291,0.0163628,0.0509584,0.0331931,0.0163628,0.0116877,0.00654511,0.00607761,0.00140252,0.00233754,0.00514259,0.0542309,0.00233754,0.00748013,0.0327256,0.000467508,0.00327256,0.00327256,0.00233754,0.160823,0.027583,0,0,0,0,0,0.0565685,0,0.0289855,0,2139,6.2,0.894811,0.0140252,0.0140252,0.0191678,0.0163628,0,30,0,0
0,0.327311,0.0600425,0.0403826,0.0313496,0.00265675,0.00371945,0.00159405,0,0.0217853,0,0.135494,0.0281615,0,0,0,0.0977683,0.0350691,0.0366631,0,0.00690755,0.00797024,0.0021254,0.0010627,0.00850159,0.00584485,0.0191286,0.0743889,0.0765143,0.0345377,0.0042508,0.00690755,0.0063762,0.0170032,0.0573858,0.00371945,0.00265675,0.0143464,0.0834219,0.0276302,0.0393199,0.00690755,0.00584485,0.0148778,0.193943,0.0255048,0.0111583,0.0223167,0.0207226,0.0116897,0.00850159,0.0414453,0.0456961,0.0244421,0.0042508,0.00478215,0.00584485,0.0345377,0.010627,0.0175345,0.0042508,0.0053135,0.0605739,0.0132837,0.0292242,0.0244421,0.0191286,0.010627,0.00584485,0.0042508,0.0010627,0.00371945,0.0063762,0.044102,0.00159405,0.00743889,0.0217853,0,0.0031881,0.00159405,0.00053135,0.154091,0.0313496,0,0,0,0,0,0.0642933,0,0.0329437,0,1882,6.46735,0.887354,0.0159405,0.0159405,0.0217853,0.0159405,0,30,0,0
0,0.352427,0.0548544,0.0368932,0.0237864,0.00339806,0.00679612,0.00242718,0,0.0203883,0,0.120388,0.0330097,0,0,0,0.0961165,0.0412621,0.034466,0.000485437,0.0135922,0.011165,0.000485437,0.000485437,0.0106796,0.0092233,0.0223301,0.0660194,0.0621359,0.0451456,0.00582524,0.011165,0.00970874,0.0184466,0.0694175,0.00339806,0.00339806,0.0174757,0.0776699,0.0393204,0.0252427,0.00485437,0.00291262,0.0101942,0.183981,0.0228155,0.0101942,0.0334951,0.0247573,0.015534,0.0038835,0.0349515,0.034466,0.0257282,0.00679612,0.00485437,0.00631068,0.0334951,0.0121359,0.0169903,0.000485437,0.00436893,0.0912621,0.0160194,0.0514563,0.0320388,0.0169903,0.0131068,0.00485437,0.00679612,0.00145631,0.00339806,0.00436893,0.0519417,0.00194175,0.00631068,0.0320388,0.000485437,0.00339806,0.00242718,0.00242718,0.159709,0.0286408,0,0,0,0,0,0.0582524,0,0.0300971,0,2060,6.24242,0.891262,0.0145631,0.0145631,0.0199029,0.0169903,0,30,0,0
0,0.354055,0.0558524,0.0373968,0.0242836,0.00339971,0.00679942,0.00242836,0,0.0208839,0,0.117533,0.0325401,0,0,0,0.0922778,0.0403108,0.0359398,0.000485673,0.0140845,0.0106848,0.000485673,0.000485673,0.0111705,0.0101991,0.0228266,0.0660515,0.0636231,0.0446819,0.00437105,0.0116561,0.0101991,0.0184556,0.0699369,0.00339971,0.00339971,0.0179699,0.0791646,0.0398252,0.0262263,0.00485673,0.00291404,0.0111705,0.181156,0.0233123,0.0106848,0.0330257,0.0262263,0.0155415,0.00388538,0.0339971,0.0320544,0.0262263,0.00631374,0.00485673,0.00631374,0.0339971,0.0101991,0.0194269,0.000485673,0.00437105,0.0874211,0.0160272,0.05051,0.0310831,0.0169985,0.0131132,0.0053424,0.00582807,0.00145702,0.00339971,0.0053424,0.0529383,0.00145702,0.00631374,0.0325401,0.000485673,0.00242836,0.00242836,0.00194269,0.161243,0.0286547,0,0,0,0,0,0.0582807,0,0.0301117,0,2059,6.18318,0.891209,0.0145702,0.0145702,0.0199126,0.0169985,0,30,0,0
0,0.322822,0.0550508,0.0368787,0.0256547,0.00267237,0.00481026,0.00267237,0,0.02031,0,0.134687,0.0277926,0,0,0,0.0994121,0.0336718,0.0390166,0.000534474,0.00694816,0.00908605,0.00213789,0.00106895,0.00908605,0.00641368,0.0187066,0.0748263,0.0721539,0.0379476,0.00534474,0.00748263,0.00694816,0.0181721,0.0657402,0.00213789,0.00267237,0.0154997,0.0817745,0.0315339,0.0347408,0.00694816,0.00320684,0.0133618,0.195617,0.0256547,0.0106895,0.0235168,0.0213789,0.0112239,0.00748263,0.039551,0.0475681,0.0229824,0.00374131,0.00587921,0.00587921,0.0347408,0.010155,0.0165687,0.00534474,0.00534474,0.0630679,0.0149653,0.0288616,0.0256547,0.0187066,0.0112239,0.00641368,0.00320684,0.00106895,0.00374131,0.00694816,0.0459647,0.00267237,0.00694816,0.0261892,0,0.00320684,0.00213789,0.000534474,0.155532,0.0315339,0,0,0,0,0,0.0641368,0,0.0331374,0,1871,6.40753,0.887226,0.0160342,0.0160342,0.0224479,0.0160342,0,30,0,0
0,0.355788,0.0608782,0.0389222,0.0284431,0.00349301,0.00449102,0.00149701,0.000499002,0.0239521,0,0.122255,0.0329341,0,0,0,0.0908184,0.0379242,0.0314371,0,0.0134731,0.010978,0.00149701,0.000499002,0.012475,0.00998004,0.0244511,0.0648703,0.0593812,0.0479042,0.00548902,0.011976,0.011477,0.0189621,0.0698603,0.00499002,0.00399202,0.0179641,0.0938124,0.0494012,0.0284431,0.00399202,0.00548902,0.00998004,0.172156,0.0209581,0.00698603,0.0324351,0.0254491,0.011976,0.00499002,0.0324351,0.0294411,0.0239521,0.00648703,0.00349301,0.00499002,0.0329341,0.00748503,0.0189621,0.00249501,0.00399202,0.0783433,0.0144711,0.0389222,0.0329341,0.0204591,0.00948104,0.00698603,0.00299401,0.00149701,0.00249501,0.00548902,0.0533932,0.00199601,0.00499002,0.0294411,0,0.00199601,0.00149701,0.00299401,0.155689,0.0294411,0,0,0,0,0,0.0603792,0,0.0309381,0,2004,6.40256,0.892216,0.0149701,0.0154691,0.0224551,0.0164671,0,30,0,0
0,0.359886,0.0559507,0.0379327,0.0241821,0.00331911,0.00758653,0.00237079,0,0.0203888,0,0.12091,0.0327169,0,0,0,0.0953058,0.0417259,0.036036,0.000474158,0.0146989,0.0109056,0.000474158,0.000474158,0.0113798,0.00995733,0.0227596,0.0673305,0.0640114,0.0469417,0.0056899,0.011854,0.0104315,0.0189663,0.0692271,0.00331911,0.00331911,0.0175439,0.0782361,0.038881,0.0256046,0.00474158,0.00284495,0.0109056,0.184448,0.0232338,0.0104315,0.0331911,0.0260787,0.0156472,0.00379327,0.0350877,0.0331911,0.0260787,0.00663822,0.00474158,0.00616406,0.0350877,0.011854,0.0189663,0.000474158,0.00426743,0.0915126,0.0170697,0.0516833,0.0327169,0.0156472,0.011854,0.00521574,0.00711238,0.00142248,0.00331911,0.00521574,0.0526316,0.00189663,0.00663822,0.0322428,0.000474158,0.00331911,0.00284495,0.00237079,0.160266,0.0279753,0,0,0,0,0,0.056899,0,0.0293978,0,2109,6.22124,0.893789,0.0142248,0.0142248,0.0194405,0.0165955,0,30,0,0
0,0.35058,0.0551257,0.0352998,0.0236944,0.00338491,0.00531915,0.00241779,0,0.0222437,0,0.117505,0.0319149,0,0,0,0.0947776,0.0396518,0.037234,0,0.0140232,0.0101547,0.000483559,0.000483559,0.0116054,0.0101547,0.0232108,0.065764,0.0652805,0.044971,0.00435203,0.0125725,0.00967118,0.0183752,0.0676983,0.00338491,0.00338491,0.0183752,0.0802708,0.0391683,0.0261122,0.00483559,0.00290135,0.0111219,0.183752,0.0241779,0.0106383,0.0314313,0.0261122,0.0130561,0.00386847,0.0362669,0.0352998,0.0256286,0.00628627,0.00435203,0.00628627,0.0333656,0.0101547,0.0193424,0,0.00435203,0.0826886,0.0154739,0.0478723,0.0290135,0.0169246,0.0116054,0.00628627,0.00580271,0.00145068,0.00338491,0.00531915,0.0527079,0.00193424,0.00725338,0.0323985,0.000483559,0.00241779,0.00290135,0.00145068,0.158124,0.02853,0,0,0,0,0,0.0585106,0,0.0299807,0,2068,6.30488,0.888781,0.0145068,0.0145068,0.0203095,0.0169246,0,30,0,0
0,0.361851,0.0575035,0.0378682,0.0252454,0.00233754,0.00748013,0.00233754,0,0.0215054,0,0.122487,0.0350631,0,0,0,0.100514,0.0416082,0.0359981,0.000467508,0.0144928,0.0107527,0.000467508,0.000467508,0.0116877,0.00981767,0.0238429,0.0654511,0.0612436,0.0481533,0.0056101,0.0130902,0.0102852,0.0191678,0.0687237,0.00327256,0.00327256,0.0182328,0.0785414,0.0402057,0.0224404,0.00420757,0.00233754,0.00935016,0.186536,0.0243104,0.00841515,0.0350631,0.0289855,0.0154278,0.00420757,0.0331931,0.0355306,0.0257129,0.00654511,0.00420757,0.00654511,0.0341281,0.00981767,0.0191678,0.000467508,0.00420757,0.0902291,0.0163628,0.0509584,0.0331931,0.0163628,0.0116877,0.00654511,0.00607761,0.00140252,0.00233754,0.00514259,0.0542309,0.00233754,0.00748013,0.0327256,0.000467508,0.00327256,0.00327256,0.00233754,0.160823,0.027583,0,0,0,0,0,0.0565685,0,0.0289855,0,2139,6.2,0.894811,0.0140252,0.0140252,0.0191678,0.0163628,0,30,0,0
0,0.362333,0.0611855,0.040631,0.0277247,0.00239006,0.00764818,0.00239006,0,0.0224665,0,0.125717,0.0339388,0,0,0,0.0979924,0.041587,0.0348948,0.000478011,0.0152964,0.0100382,0.000478011,0.000478011,0.0105163,0.00956023,0.0229446,0.0654876,0.0626195,0.0458891,0.00525813,0.0124283,0.0100382,0.0181644,0.0702677,0.00382409,0.00334608,0.0191205,0.0807839,0.042065,0.0224665,0.00478011,0.00239006,0.0100382,0.183556,0.0239006,0.0081262,0.0339388,0.0277247,0.0143403,0.00382409,0.0329828,0.0363289,0.0243786,0.00669216,0.0043021,0.00525813,0.0301147,0.00860421,0.0167304,0.000478011,0.00382409,0.0889101,0.0162524,0.0516252,0.0310707,0.0167304,0.0119503,0.00621415,0.00621415,0.000478011,0.00239006,0.00525813,0.0525813,0.00286807,0.00717017,0.0310707,0.000478011,0.00286807,0.00334608,0.00239006,0.158222,0.0282027,0,0,0,0,0,0.0578394,0,0.0296367,0,2092,6.3012,0.892925,0.0143403,0.0143403,0.0191205,0.0167304,0,30,0,0
0,0.36144,0.0582662,0.0383704,0.0251066,0.00284225,0.00757935,0.00236855,0,0.0217906,0,0.124112,0.0341071,0,0,0,0.0971104,0.0416864,0.0350545,0.000473709,0.0142113,0.0108953,0.000473709,0.000473709,0.011369,0.00994789,0.0241592,0.0658456,0.0625296,0.0478446,0.00568451,0.0127901,0.0104216,0.0189484,0.0691615,0.00331596,0.00331596,0.0180009,0.0795831,0.0397916,0.0236855,0.00378967,0.00284225,0.0104216,0.183799,0.022738,0.00852676,0.0345808,0.0270014,0.0142113,0.00378967,0.0345808,0.0350545,0.0246329,0.00663193,0.00426338,0.00615822,0.0331596,0.0104216,0.0184747,0.000473709,0.00426338,0.0904784,0.0170535,0.0506869,0.0331596,0.0170535,0.0118427,0.00615822,0.00615822,0.00142113,0.00284225,0.0052108,0.0540028,0.00236855,0.00710564,0.0322122,0.000473709,0.00331596,0.00331596,0.00236855,0.159166,0.0279488,0,0,0,0,0,0.0573188,0,0.02937,0,2111,6.26409,0.893415,0.0142113,0.0142113,0.0194221,0.0165798,0,30,0,0
0,0.326519,0.0535912,0.0370166,0.0259669,0.00331492,0.0038674,0.00276243,0,0.019337,0,0.130387,0.0276243,0,0,0,0.0983425,0.0348066,0.041989,0.000552486,0.00718232,0.00828729,0.00220994,0.00110497,0.00939227,0.00662983,0.018232,0.0779006,0.0734807,0.0375691,0.00497238,0.00662983,0.00662983,0.019337,0.061326,0.00220994,0.00276243,0.0160221,0.0790055,0.0265193,0.0381215,0.00828729,0.0038674,0.0138122,0.2,0.0259669,0.0127072,0.0237569,0.021547,0.0127072,0.00828729,0.0414365,0.0458564,0.0237569,0.0038674,0.00552486,0.00552486,0.0359116,0.0104972,0.018232,0.00552486,0.00497238,0.0629834,0.0143646,0.0298343,0.0248619,0.0160221,0.0104972,0.00497238,0.00331492,0.00110497,0.00441989,0.00718232,0.0453039,0.00165746,0.00662983,0.0220994,0,0.00331492,0.00165746,0.000552486,0.154144,0.0325967,0,0,0,0,0,0.0662983,0,0.0342541,0,1810,6.46429,0.890055,0.0165746,0.0165746,0.0248619,0.0165746,0,30,0,0
0,0.359524,0.0580952,0.0385714,0.0257143,0.00238095,0.00761905,0.00238095,0,0.0214286,0,0.125714,0.0333333,0,0,0,0.0971429,0.0419048,0.0342857,0.00047619,0.0142857,0.0109524,0.00047619,0.00047619,0.0114286,0.01,0.0242857,0.0652381,0.0619048,0.0480952,0.00571429,0.0128571,0.0104762,0.0190476,0.0704762,0.00333333,0.00333333,0.0180952,0.0795238,0.0409524,0.022381,0.00380952,0.00238095,0.01,0.182381,0.0247619,0.00809524,0.0338095,0.0271429,0.0142857,0.00380952,0.0333333,0.0338095,0.0247619,0.00666667,0.00428571,0.00619048,0.0333333,0.01,0.0185714,0.00047619,0.00380952,0.0909524,0.0166667,0.0509524,0.0338095,0.0190476,0.0133333,0.00619048,0.00619048,0.00142857,0.00333333,0.00571429,0.0542857,0.00238095,0.00714286,0.032381,0.00047619,0.00333333,0.00380952,0.00238095,0.159048,0.0280952,0,0,0,0,0,0.0571429,0,0.0295238,0,2100,6.26866,0.893333,0.0142857,0.0142857,0.0195238,0.0166667,0,30,0,0
0,0.358068,0.059761,0.0378486,0.0273904,0.00348606,0.00498008,0.000996016,0.000498008,0.0244024,0,0.11753,0.0318725,0,0,0,0.0946215,0.0388446,0.0358566,0,0.0139442,0.0124502,0.000498008,0.000498008,0.0109562,0.00896414,0.0268924,0.0657371,0.062749,0.0458167,0.00498008,0.0119522,0.00896414,0.0199203,0.0697211,0.00398406,0.00398406,0.0199203,0.0841633,0.0468127,0.0234064,0.00398406,0.00298805,0.00896414,0.173307,0.0199203,0.0064741,0.0323705,0.0253984,0.0139442,0.00448207,0.0323705,0.0313745,0.0258964,0.0064741,0.00398406,0.0059761,0.0288845,0.00796813,0.0164343,0.000498008,0.00398406,0.0856574,0.0139442,0.0468127,0.0318725,0.0179283,0.0109562,0.0059761,0.00498008,0.00149402,0.00249004,0.00547809,0.0537849,0.00149402,0.0059761,0.0303785,0,0.00249004,0.00199203,0.00199203,0.157869,0.0293825,0,0,0,0,0,0.059761,0,0.0308765,0,2008,6.31447,0.889442,0.0149402,0.0149402,0.0219124,0.0174303,0,30,0,0
0,0.361611,0.0582938,0.0383886,0.0251185,0.0028436,0.00758294,0.00236967,0,0.0218009,0,0.124171,0.0341232,0,0,0,0.0971564,0.0417062,0.0350711,0.000473934,0.014218,0.0109005,0.000473934,0.000473934,0.0113744,0.00995261,0.0241706,0.0658768,0.0625592,0.0478673,0.0056872,0.0127962,0.0104265,0.0189573,0.0691943,0.00331754,0.00331754,0.0180095,0.0796209,0.0398104,0.0236967,0.00379147,0.0028436,0.0104265,0.183886,0.0227488,0.00853081,0.0345972,0.0270142,0.014218,0.00379147,0.0345972,0.0350711,0.0246445,0.00663507,0.0042654,0.00616114,0.0331754,0.0104265,0.0184834,0.000473934,0.0042654,0.0905213,0.0170616,0.0507109,0.0331754,0.0170616,0.0118483,0.00616114,0.00616114,0.0014218,0.0028436,0.00521327,0.0540284,0.00236967,0.007109,0.0322275,0.000473934,0.00331754,0.00331754,0.00236967,0.159242,0.0279621,0,0,0,0,0,0.056872,0,0.0293839,0,2110,6.26113,0.893365,0.014218,0.014218,0.0194313,0.0165877,0,30,0,0
0,0.359108,0.0555028,0.0365275,0.0241935,0.00332068,0.00759013,0.000948767,0,0.0213472,0,0.122865,0.0332068,0,0,0,0.0996205,0.0422201,0.0365275,0.000474383,0.0147059,0.0109108,0.000474383,0.000474383,0.0109108,0.0085389,0.0237192,0.0664137,0.0649905,0.0464896,0.0056926,0.0118596,0.0104364,0.0185009,0.0678368,0.00332068,0.00332068,0.0180266,0.0801708,0.0388994,0.0251423,0.00474383,0.0028463,0.0104364,0.18833,0.0227704,0.00948767,0.0341556,0.0265655,0.0151803,0.00332068,0.0379507,0.0360531,0.0237192,0.0056926,0.00379507,0.0056926,0.0327324,0.0109108,0.0175522,0.000474383,0.00426945,0.0882353,0.016129,0.0498102,0.0313093,0.0170778,0.0113852,0.0056926,0.00711575,0.00142315,0.00332068,0.00521822,0.0536053,0.00237192,0.00711575,0.0322581,0,0.00332068,0.0028463,0.00237192,0.159867,0.0279886,0,0,0,0,0,0.0574004,0,0.0294118,0,2108,6.23669,0.895636,0.0142315,0.0142315,0.0199241,0.016129,0,30,0,0
0,0.362237,0.0708055,0.049256,0.0323243,0.00153925,0.0102617,0.0030785,0.00153925,0.0225757,0,0.121601,0.036942,0,0,0,0.102617,0.0312981,0.0343766,0,0.0159056,0.00872242,0.00102617,0.000513084,0.00974859,0.00718317,0.018471,0.0697794,0.0584915,0.0410467,0.00359159,0.012314,0.00872242,0.0164187,0.0810672,0.00667009,0.0030785,0.0210364,0.0851719,0.0461775,0.0236018,0.0030785,0.00256542,0.00718317,0.173935,0.0169318,0.0102617,0.0343766,0.0266803,0.0112878,0.00513084,0.036942,0.0312981,0.0251411,0.00564392,0.006157,0.00513084,0.030785,0.00718317,0.0200103,0.000513084,0.00461775,0.0743971,0.0153925,0.030785,0.0343766,0.0164187,0.012314,0.006157,0.00205233,0.00153925,0.00153925,0.00923551,0.0425859,0.00153925,0.00461775,0.024628,0,0.00359159,0.00256542,0.00153925,0.151873,0.0302719,0,0,0,0,0,0.0625962,0,0.0318112,0,1949,6.56229,0.893279,0.0153925,0.0159056,0.0215495,0.0164187,0,30,0,0
0,0.35939,0.056244,0.0381316,0.0252622,0.00238322,0.00762631,0.00238322,0,0.0200191,0,0.120591,0.0338418,0,0,0,0.0972355,0.0405148,0.0352717,0.000476644,0.014776,0.0109628,0.000476644,0.000476644,0.0114395,0.0100095,0.0228789,0.0662536,0.0610105,0.0486177,0.00571973,0.0128694,0.0104862,0.0195424,0.0700667,0.00333651,0.00333651,0.0176358,0.077693,0.0409914,0.0228789,0.0042898,0.00238322,0.0100095,0.183508,0.0252622,0.0085796,0.034795,0.028122,0.0157293,0.0042898,0.0314585,0.0328885,0.0262154,0.00667302,0.0042898,0.00667302,0.0352717,0.0100095,0.0200191,0.000476644,0.0042898,0.0915157,0.0166826,0.0519542,0.0333651,0.0176358,0.013346,0.00571973,0.00619638,0.00142993,0.00333651,0.00571973,0.0538608,0.00190658,0.00667302,0.0328885,0.000476644,0.00333651,0.00333651,0.00238322,0.161582,0.028122,0,0,0,0,0,0.057674,0,0.029552,0,2098,6.17059,0.895138,0.0142993,0.0142993,0.0190658,0.0166826,0,30,0,0
0,0.338575,0.0628993,0.0447174,0.0334152,0.0034398,0.0044226,0.002457,0,0.019656,0,0.134644,0.0304668,0,0,0,0.0972973,0.0358722,0.036855,0.0004914,0.00835381,0.00835381,0.0019656,0.000982801,0.00884521,0.00638821,0.017199,0.0771499,0.0786241,0.0358722,0.0044226,0.00687961,0.00638821,0.0181818,0.0643735,0.0034398,0.0029484,0.0157248,0.0845209,0.0309582,0.0373464,0.00638821,0.00540541,0.014742,0.193612,0.0250614,0.0113022,0.0255528,0.0240786,0.0103194,0.00835381,0.039312,0.0432432,0.0255528,0.0044226,0.00540541,0.00638821,0.0373464,0.0113022,0.017199,0.004914,0.004914,0.0648649,0.014742,0.0314496,0.0260442,0.0162162,0.0108108,0.00589681,0.0039312,0.000982801,0.0044226,0.00737101,0.0432432,0.0019656,0.00638821,0.0250614,0,0.0034398,0.0014742,0.0004914,0.1543,0.0289926,0,0,0,0,0,0.0589681,0,0.0304668,0,2035,6.46032,0.887961,0.014742,0.014742,0.0201474,0.014742,0,30,0,0
0,0.357178,0.0615996,0.0407352,0.030303,0.00248385,0.00596125,0.000993542,0.000496771,0.0233482,0,0.119722,0.030303,0,0,0,0.0933929,0.0397417,0.0382514,0,0.0149031,0.010929,0.000496771,0.000496771,0.010929,0.00894188,0.0248385,0.0670641,0.0645802,0.0452062,0.00447094,0.0119225,0.00943865,0.0193741,0.0675609,0.00496771,0.00397417,0.017387,0.0859414,0.0427223,0.0273224,0.00397417,0.00397417,0.010929,0.17387,0.0208644,0.00745156,0.0298063,0.0258321,0.0119225,0.00447094,0.0342772,0.0327869,0.0243418,0.00596125,0.0034774,0.00596125,0.0307998,0.00794834,0.0178838,0.000496771,0.00447094,0.0829608,0.0149031,0.0471932,0.0298063,0.0183805,0.00993542,0.00645802,0.00546448,0.00149031,0.00248385,0.00496771,0.0511674,0.00149031,0.00645802,0.0312966,0,0.00248385,0.00248385,0.00149031,0.156483,0.0293095,0,0,0,0,0,0.0601093,0,0.0307998,0,2013,6.37025,0.88773,0.0149031,0.0149031,0.0213612,0.0163934,0,30,0,0
0,0.367271,0.0599721,0.0399814,0.0274291,0.0023245,0.0074384,0.0023245,0,0.0218503,0,0.122734,0.0339377,0,0,0,0.100418,0.0423059,0.0367271,0.0004649,0.0144119,0.0106927,0.0004649,0.0004649,0.0120874,0.0102278,0.0255695,0.0669456,0.0618317,0.051139,0.0074384,0.0125523,0.0106927,0.0204556,0.0674105,0.0032543,0.0032543,0.0181311,0.0776383,0.0390516,0.0223152,0.0037192,0.0023245,0.0097629,0.182241,0.0223152,0.0079033,0.0330079,0.0274291,0.0144119,0.0037192,0.0334728,0.0348675,0.0241748,0.0065086,0.0041841,0.0060437,0.032543,0.0097629,0.0176662,0.0004649,0.0041841,0.0943747,0.0162715,0.0525337,0.0357973,0.0181311,0.0116225,0.0060437,0.0060437,0.0013947,0.0023245,0.0051139,0.055788,0.0027894,0.0079033,0.0311483,0.0004649,0.0041841,0.0032543,0.0027894,0.158996,0.0274291,0,0,0,0,0,0.055788,0,0.0288238,0,2151,6.27114,0.892143,0.013947,0.013947,0.0190609,0.0162715,0,30,0,0
0,0.322701,0.0579479,0.040404,0.030303,0.00265816,0.00478469,0.0015949,0,0.0196704,0,0.131845,0.02605,0,0,0,0.0940989,0.0340245,0.0356194,0,0.00744285,0.00903775,0.00212653,0.00106326,0.00797448,0.00584795,0.0175439,0.0749601,0.0749601,0.0356194,0.00478469,0.00637959,0.00691122,0.0175439,0.062201,0.00372142,0.00265816,0.0132908,0.0845295,0.0313663,0.0393408,0.00691122,0.00584795,0.0148857,0.187666,0.0244551,0.0116959,0.0207337,0.0196704,0.0116959,0.00850611,0.0382775,0.0435938,0.0255183,0.00425306,0.00531632,0.00637959,0.0356194,0.0106326,0.0175439,0.00425306,0.00584795,0.0632642,0.0143541,0.030303,0.0255183,0.0191388,0.0116959,0.00531632,0.00425306,0.00106326,0.00372142,0.00637959,0.0430622,0.0015949,0.00637959,0.0255183,0,0.00318979,0.0015949,0.000531632,0.157363,0.0313663,0,0,0,0,0,0.0643275,0,0.0329612,0,1881,6.33333,0.885699,0.015949,0.015949,0.0212653,0.015949,0,30,0,0
0,0.319978,0.0554336,0.0384193,0.0279912,0.00274424,0.00493963,0.00164654,0,0.0192097,0,0.131723,0.0263447,0,0,0,0.0938529,0.0334797,0.0378705,0,0.00768386,0.00933041,0.00219539,0.00109769,0.00823271,0.00603732,0.0170143,0.0751921,0.0724479,0.0367728,0.00493963,0.00658617,0.00713502,0.018112,0.0620198,0.00329308,0.00274424,0.0131723,0.0817783,0.0301866,0.0384193,0.00713502,0.00439078,0.0148189,0.189352,0.0246981,0.0115258,0.0208562,0.0192097,0.0115258,0.00878156,0.0384193,0.0439078,0.0236004,0.00384193,0.00548847,0.00603732,0.0356751,0.00987925,0.018112,0.00439078,0.00603732,0.0636663,0.01427,0.0296378,0.0257958,0.0192097,0.0115258,0.00493963,0.00329308,0.00109769,0.00384193,0.00658617,0.0433589,0.00164654,0.00658617,0.0257958,0,0.00274424,0.00164654,0.000548847,0.156422,0.032382,0,0,0,0,0,0.0664105,0,0.0340285,0,1822,6.37063,0.884193,0.0164654,0.0164654,0.0219539,0.0164654,0,30,0,0
0,0.33159,0.0538703,0.0371339,0.0261506,0.00261506,0.00470711,0.00261506,0,0.0183054,0,0.13546,0.0308577,0,0,0,0.0978033,0.0329498,0.039749,0.00104603,0.00679916,0.00889121,0.00209205,0.00104603,0.00889121,0.00679916,0.0172594,0.0784519,0.0810669,0.0366109,0.00523013,0.00627615,0.00679916,0.0183054,0.0580544,0.00209205,0.00313808,0.0151674,0.0789749,0.0282427,0.0350418,0.00679916,0.00313808,0.0146444,0.191946,0.0245816,0.0109833,0.0245816,0.0224895,0.0104603,0.00784519,0.0376569,0.0460251,0.0230126,0.00470711,0.00523013,0.00523013,0.0371339,0.0109833,0.0183054,0.00523013,0.00575314,0.0606695,0.0141213,0.0282427,0.0240586,0.0198745,0.0130753,0.00523013,0.00313808,0.00104603,0.00366109,0.0083682,0.0481172,0.00156904,0.00679916,0.0203975,0,0.00313808,0.00104603,0.000523013,0.153243,0.0308577,0,0,0,0,0,0.0627615,0,0.0324268,0,1912,6.5034,0.884414,0.0156904,0.0156904,0.0230126,0.0156904,0,30,0,0
0,0.328829,0.0535536,0.034034,0.0245245,0.0035035,0.004004,0.001001,0,0.022022,0,0.12963,0.026026,0,0,0,0.0955956,0.036036,0.037037,0,0.00800801,0.00950951,0.002002,0.001001,0.01001,0.00650651,0.022022,0.0710711,0.0765766,0.038038,0.004004,0.00850851,0.00900901,0.0165165,0.0640641,0.0025025,0.003003,0.0155155,0.0830831,0.035035,0.033033,0.00600601,0.0045045,0.012012,0.189189,0.025025,0.011011,0.0245245,0.0205205,0.0115115,0.00650651,0.039039,0.0425425,0.026026,0.0045045,0.00500501,0.00650651,0.032032,0.01001,0.0135135,0.004004,0.00550551,0.0700701,0.0145145,0.0375375,0.026026,0.018018,0.01001,0.00700701,0.00600601,0.001001,0.0045045,0.0045045,0.0455455,0.0015015,0.00800801,0.0295295,0,0.003003,0.0015015,0.001001,0.16016,0.0295295,0,0,0,0,0,0.0605606,0,0.031031,0,1998,6.2243,0.886887,0.015015,0.015015,0.0205205,0.015015,0,30,0,0
0,0.322701,0.0579479,0.040404,0.030303,0.00265816,0.00478469,0.0015949,0,0.0196704,0,0.131845,0.02605,0,0,0,0.0940989,0.0340245,0.0356194,0,0.00744285,0.00903775,0.00212653,0.00106326,0.00797448,0.00584795,0.0175439,0.0749601,0.0749601,0.0356194,0.00478469,0.00637959,0.00691122,0.0175439,0.062201,0.00372142,0.00265816,0.0132908,0.0845295,0.0313663,0.0393408,0.00691122,0.00584795,0.0148857,0.187666,0.0244551,0.0116959,0.0207337,0.0196704,0.0116959,0.00850611,0.0382775,0.0435938,0.0255183,0.00425306,0.00531632,0.00637959,0.0356194,0.0106326,0.0175439,0.00425306,0.00584795,0.0632642,0.0143541,0.030303,0.0255183,0.0191388,0.0116959,0.00531632,0.00425306,0.00106326,0.00372142,0.00637959,0.0430622,0.0015949,0.00637959,0.0255183,0,0.00318979,0.0015949,0.000531632,0.157363,0.0313663,0,0,0,0,0,0.0643275,0,0.0329612,0,1881,6.33333,0.885699,0.015949,0.015949,0.0212653,0.015949,0,30,0,0
0,0.331203,0.0591054,0.0399361,0.028754,0.00372737,0.00372737,0.00266241,0,0.0212993,0,0.132055,0.028754,0,0,0,0.0931842,0.0351438,0.0367412,0.000532481,0.00745474,0.0085197,0.00212993,0.00106496,0.00905218,0.00745474,0.0202343,0.0772098,0.0756124,0.0362087,0.00479233,0.00638978,0.00638978,0.0186368,0.0638978,0.00266241,0.00266241,0.0175719,0.0804047,0.0292865,0.0372737,0.00692226,0.00479233,0.014377,0.193291,0.0250266,0.0106496,0.0250266,0.0207668,0.0138445,0.00905218,0.0383387,0.0436635,0.0255591,0.00479233,0.00532481,0.00585729,0.0356763,0.0111821,0.0175719,0.00532481,0.00479233,0.0628328,0.014377,0.0314164,0.0239617,0.0170394,0.0117146,0.00532481,0.00425985,0.00106496,0.00372737,0.00692226,0.0452609,0.00159744,0.00638978,0.0207668,0,0.00372737,0.00106496,0.000532481,0.15442,0.0314164,0,0,0,0,0,0.0638978,0,0.0330138,0,1878,6.45361,0.888711,0.0159744,0.0159744,0.0218317,0.0159744,0,30,0,0
0,0.325381,0.0532995,0.0350254,0.0243655,0.0035533,0.00456853,0.00152284,0,0.0208122,0,0.126904,0.0243655,0,0,0,0.0939086,0.0335025,0.0360406,0,0.00812183,0.00964467,0.00203046,0.00101523,0.00913706,0.00659898,0.019797,0.0746193,0.077665,0.0375635,0.00406091,0.0071066,0.00913706,0.0172589,0.064467,0.00253807,0.00304569,0.0147208,0.0832487,0.035533,0.0345178,0.00659898,0.00456853,0.0126904,0.186294,0.0243655,0.0111675,0.0233503,0.019797,0.0121827,0.0071066,0.0375635,0.0411168,0.0258883,0.00456853,0.00507614,0.00659898,0.035533,0.0106599,0.0162437,0.00406091,0.00558376,0.0705584,0.0147208,0.0365482,0.0269036,0.0172589,0.0111675,0.00558376,0.00659898,0.00101523,0.00456853,0.00609137,0.0446701,0.00152284,0.00659898,0.0299492,0,0.00304569,0.00152284,0.00101523,0.161929,0.0299492,0,0,0,0,0,0.0614213,0,0.0314721,0,1970,6.15625,0.887817,0.0152284,0.0152284,0.0203046,0.0152284,0,30,0,0
0,0.32957,0.0532258,0.0370968,0.0252688,0.00322581,0.00483871,0.00268817,0,0.0182796,0,0.130645,0.027957,0,0,0,0.101075,0.033871,0.0413978,0.00107527,0.00752688,0.00860215,0.00215054,0.00107527,0.00913978,0.00698925,0.0177419,0.0790323,0.0752688,0.0387097,0.00537634,0.00698925,0.00698925,0.0193548,0.0607527,0.00215054,0.00268817,0.016129,0.077957,0.0268817,0.0365591,0.00806452,0.00376344,0.0134409,0.198387,0.0258065,0.0129032,0.0241935,0.0209677,0.011828,0.00806452,0.0403226,0.0473118,0.0236559,0.00430108,0.00537634,0.00537634,0.0365591,0.0102151,0.0182796,0.00537634,0.00591398,0.061828,0.0139785,0.0290323,0.0247312,0.0166667,0.0129032,0.00483871,0.00322581,0.00107527,0.00430108,0.00752688,0.0456989,0.0016129,0.00698925,0.022043,0,0.00322581,0.0016129,0.000537634,0.154301,0.0317204,0,0,0,0,0,0.0645161,0,0.0333333,0,1860,6.45833,0.889785,0.016129,0.016129,0.0247312,0.016129,0,30,0,0
0,0.329351,0.0592208,0.041039,0.0301299,0.00363636,0.00467532,0.00155844,0,0.0202597,0,0.12987,0.0264935,0,0,0,0.094026,0.0348052,0.0363636,0,0.00883117,0.00883117,0.00207792,0.00103896,0.00883117,0.00623377,0.0176623,0.0763636,0.0753247,0.0353247,0.00415584,0.00675325,0.00675325,0.0176623,0.0638961,0.00363636,0.00311688,0.0145455,0.0831169,0.0311688,0.0379221,0.00675325,0.00571429,0.014026,0.191688,0.0249351,0.0119481,0.0233766,0.0212987,0.0114286,0.00831169,0.04,0.0415584,0.0254545,0.00415584,0.00519481,0.00675325,0.0363636,0.0109091,0.0171429,0.00415584,0.00519481,0.065974,0.0150649,0.0327273,0.0254545,0.0187013,0.0114286,0.00519481,0.00415584,0.00103896,0.00467532,0.00623377,0.0420779,0.00155844,0.00623377,0.025974,0,0.00311688,0.00155844,0.000519481,0.156883,0.0306494,0,0,0,0,0,0.0628571,0,0.0322078,0,1925,6.35314,0.888312,0.0155844,0.0155844,0.0207792,0.0155844,0,30,0,0
0,0.323589,0.0554435,0.0357863,0.0257056,0.00252016,0.00504032,0.0015121,0,0.0216734,0,0.133569,0.0257056,0,0,0,0.100302,0.0342742,0.0378024,0,0.00705645,0.0100806,0.00201613,0.00100806,0.00907258,0.00655242,0.0201613,0.0725806,0.0766129,0.0352823,0.00453629,0.00705645,0.00806452,0.015625,0.0635081,0.00252016,0.00252016,0.0136089,0.0851815,0.0362903,0.0337702,0.00655242,0.00453629,0.0126008,0.188508,0.0262097,0.0110887,0.0216734,0.0181452,0.0110887,0.00756048,0.0383065,0.0478831,0.0241935,0.00403226,0.00504032,0.00655242,0.0337702,0.0105847,0.015625,0.00403226,0.00604839,0.0665323,0.0136089,0.0337702,0.0262097,0.0186492,0.0120968,0.00655242,0.00403226,0.00100806,0.00352823,0.00604839,0.0448589,0.00201613,0.00756048,0.0282258,0,0.00302419,0.00201613,0.00100806,0.16129,0.0297379,0,0,0,0,0,0.0604839,0,0.03125,0,1984,6.18069,0.886593,0.015121,0.015121,0.0211694,0.016129,0,30,0,0
0,0.331539,0.0548977,0.0382131,0.0274489,0.00322928,0.00376749,0.00269107,0,0.0188375,0,0.134015,0.0312164,0,0,0,0.0995694,0.0355221,0.0414424,0.000538213,0.00645856,0.0080732,0.00215285,0.00107643,0.00914962,0.00645856,0.017761,0.0775027,0.0785791,0.0371367,0.00484392,0.00645856,0.00645856,0.0193757,0.0592034,0.00215285,0.00269107,0.0161464,0.0801938,0.0263724,0.0376749,0.0080732,0.00376749,0.0145318,0.199677,0.0258342,0.0123789,0.0247578,0.0231432,0.0118407,0.0080732,0.0409042,0.0462863,0.0242196,0.00430571,0.00538213,0.00538213,0.0360603,0.0107643,0.0182992,0.00538213,0.00484392,0.0613563,0.0134553,0.0279871,0.0258342,0.0145318,0.010226,0.00538213,0.00322928,0.00107643,0.00430571,0.0080732,0.0462863,0.00161464,0.00699677,0.0215285,0,0.00322928,0.00161464,0.000538213,0.153391,0.0317546,0,0,0,0,0,0.0645856,0,0.0333692,0,1858,6.4965,0.889128,0.0161464,0.0161464,0.0242196,0.0161464,0,30,0,0
0,0.333993,0.0578921,0.0395844,0.0282039,0.00346363,0.00445324,0.00247402,0,0.0197922,0,0.132113,0.0291935,0,0,0,0.0984661,0.0341415,0.0371103,0.000494805,0.00742207,0.00890648,0.00197922,0.000989609,0.00940129,0.00692726,0.0183078,0.0761999,0.0786739,0.0376051,0.00445324,0.00692726,0.00791687,0.0183078,0.0667986,0.00247402,0.00296883,0.0158337,0.0865908,0.0361207,0.0346363,0.00643246,0.00445324,0.0133597,0.191489,0.025235,0.0108857,0.0262246,0.0232558,0.0103909,0.00742207,0.0381,0.0435428,0.025235,0.00445324,0.00544285,0.00643246,0.0371103,0.0113805,0.0163286,0.00494805,0.00544285,0.0653142,0.0148441,0.0306779,0.0277091,0.0158337,0.0108857,0.00643246,0.00395844,0.000989609,0.00445324,0.00742207,0.045522,0.00197922,0.00692726,0.0282039,0,0.00346363,0.00148441,0.000989609,0.158832,0.0291935,0,0,0,0,0,0.0593765,0,0.0306779,0,2021,6.2764,0.890153,0.0148441,0.0148441,0.020287,0.0148441,0,30,0,0
0,0.322151,0.0569755,0.0383387,0.0282215,0.00266241,0.00479233,0.00159744,0,0.0207668,0,0.13525,0.027689,0,0,0,0.0969116,0.0346113,0.0372737,0,0.00745474,0.00905218,0.00212993,0.00106496,0.0085197,0.00585729,0.0181044,0.0729499,0.0734824,0.0356763,0.00479233,0.00745474,0.00692226,0.0165069,0.0617678,0.00319489,0.00266241,0.0138445,0.0830671,0.0303514,0.0372737,0.00692226,0.00425985,0.014377,0.192226,0.0255591,0.0111821,0.0218317,0.0202343,0.0111821,0.00798722,0.0399361,0.0457934,0.0228967,0.00372737,0.00532481,0.00585729,0.0340788,0.00958466,0.0170394,0.00425985,0.00585729,0.0623003,0.0138445,0.028754,0.0255591,0.0202343,0.0111821,0.00585729,0.00319489,0.00106496,0.00372737,0.00638978,0.0436635,0.00212993,0.00692226,0.0260916,0,0.00266241,0.00212993,0.000532481,0.155485,0.0314164,0,0,0,0,0,0.0644302,0,0.0330138,0,1878,6.40956,0.884452,0.0159744,0.0159744,0.0218317,0.0159744,0,30,0,0
0,0.332026,0.0598333,0.0402158,0.0299166,0.00343306,0.00441393,0.00147131,0,0.0220696,0,0.133399,0.026974,0,0,0,0.0961256,0.0362923,0.0358019,0,0.00833742,0.00882786,0.00196175,0.000980873,0.00882786,0.00588524,0.019127,0.0745463,0.0779794,0.0353114,0.00392349,0.00784698,0.00735655,0.0161844,0.061795,0.00343306,0.00294262,0.0152035,0.0819029,0.0304071,0.0358019,0.00637567,0.0053948,0.0137322,0.191761,0.0250123,0.01128,0.023541,0.0205983,0.0117705,0.00784698,0.0407062,0.0431584,0.0255027,0.00441393,0.00490436,0.00637567,0.034821,0.0102992,0.0166748,0.00392349,0.00490436,0.0686611,0.0142227,0.0362923,0.0250123,0.0181462,0.0107896,0.00588524,0.00637567,0.000980873,0.00441393,0.00588524,0.0431584,0.00196175,0.00686611,0.0264836,0,0.00294262,0.00196175,0.000490436,0.156449,0.0289358,0,0,0,0,0,0.0593428,0,0.0304071,0,2039,6.37188,0.885728,0.0147131,0.0147131,0.0201079,0.0147131,0,30,0,0
0,0.32957,0.0532258,0.0370968,0.0252688,0.00322581,0.00483871,0.00268817,0,0.0182796,0,0.130645,0.027957,0,0,0,0.101075,0.033871,0.0413978,0.00107527,0.00752688,0.00860215,0.00215054,0.00107527,0.00913978,0.00698925,0.0177419,0.0790323,0.0752688,0.0387097,0.00537634,0.00698925,0.00698925,0.0193548,0.0607527,0.00215054,0.00268817,0.016129,0.077957,0.0268817,0.0365591,0.00806452,0.00376344,0.0134409,0.198387,0.0258065,0.0129032,0.0241935,0.0209677,0.011828,0.00806452,0.0403226,0.0473118,0.0236559,0.00430108,0.00537634,0.00537634,0.0365591,0.0102151,0.0182796,0.00537634,0.00591398,0.061828,0.0139785,0.0290323,0.0247312,0.0166667,0.0129032,0.00483871,0.00322581,0.00107527,0.00430108,0.00752688,0.0456989,0.0016129,0.00698925,0.022043,0,0.00322581,0.0016129,0.000537634,0.154301,0.0317204,0,0,0,0,0,0.0645161,0,0.0333333,0,1860,6.45833,0.889785,0.016129,0.016129,0.0247312,0.016129,0,30,0,0
0,0.325289,0.0529906,0.0351522,0.0251836,0.00367261,0.00419727,0.00104932,0,0.019937,0,0.127492,0.0251836,0,0,0,0.093914,0.0346275,0.0372508,0,0.00786988,0.00944386,0.00209864,0.00104932,0.00996852,0.00682057,0.019937,0.0739769,0.0760756,0.0372508,0.00419727,0.00734523,0.00839454,0.0173137,0.0655824,0.00262329,0.00314795,0.0146905,0.0849948,0.0377754,0.0341028,0.00629591,0.00472193,0.0120672,0.188877,0.024659,0.0115425,0.0241343,0.0204617,0.0110178,0.00734523,0.0383001,0.0424974,0.0257083,0.00419727,0.00524659,0.00682057,0.0351522,0.0104932,0.0157398,0.00419727,0.00577125,0.0666317,0.0152151,0.0335782,0.0257083,0.0178384,0.0110178,0.00629591,0.00367261,0.00104932,0.00472193,0.00682057,0.0435467,0.00104932,0.00734523,0.0283316,0,0.00314795,0.00104932,0.00104932,0.161595,0.0309549,0,0,0,0,0,0.0634837,0,0.0325289,0,1906,6.16828,0.890346,0.0157398,0.0157398,0.0209864,0.0157398,0,30,0,0
0,0.327407,0.0548148,0.0350617,0.0246914,0.00345679,0.00444444,0.00148148,0,0.0222222,0,0.130864,0.025679,0,0,0,0.097284,0.0345679,0.0360494,0,0.00740741,0.00938272,0.00197531,0.000987654,0.00938272,0.00641975,0.0202469,0.0735802,0.0780247,0.037037,0.00395062,0.00790123,0.00888889,0.0162963,0.0641975,0.00246914,0.00296296,0.0153086,0.0839506,0.0355556,0.0330864,0.00641975,0.00444444,0.0123457,0.18963,0.0251852,0.0108642,0.0241975,0.0197531,0.0118519,0.00691358,0.0395062,0.0434568,0.0251852,0.00444444,0.00493827,0.00641975,0.0345679,0.0103704,0.0158025,0.00395062,0.0054321,0.0691358,0.014321,0.0355556,0.0266667,0.0177778,0.0108642,0.00641975,0.00641975,0.000987654,0.00444444,0.00592593,0.0454321,0.00197531,0.00740741,0.0296296,0,0.00296296,0.00197531,0.000987654,0.160988,0.0291358,0,0,0,0,0,0.0597531,0,0.0306173,0,2025,6.19266,0.887901,0.0148148,0.0148148,0.0202469,0.0148148,0,30,0,0
0,0.323372,0.0560299,0.0389541,0.0277481,0.00266809,0.00480256,0.00266809,0,0.0192102,0,0.13127,0.0261473,0,0,0,0.0965848,0.0330843,0.0373533,0.000533618,0.00693703,0.0090715,0.00213447,0.00106724,0.00853789,0.00640342,0.018143,0.076841,0.0736393,0.0378869,0.00533618,0.00640342,0.00693703,0.0192102,0.0661686,0.00266809,0.00266809,0.0149413,0.0832444,0.0325507,0.0368196,0.00693703,0.00480256,0.0138741,0.191035,0.0245464,0.011206,0.022412,0.0208111,0.0117396,0.00800427,0.0378869,0.0453575,0.0256137,0.00426894,0.0058698,0.00640342,0.036286,0.011206,0.0170758,0.00533618,0.00533618,0.0640342,0.0154749,0.0304162,0.0256137,0.0176094,0.0117396,0.0058698,0.00426894,0.00106724,0.00373533,0.00693703,0.0453575,0.00213447,0.00640342,0.0256137,0,0.00373533,0.00160085,0.000533618,0.157417,0.0314835,0,0,0,0,0,0.0640342,0,0.0330843,0,1874,6.33108,0.888474,0.0160085,0.0160085,0.0218783,0.0160085,0,30,0,0
0,0.322701,0.0579479,0.040404,0.030303,0.00265816,0.00478469,0.0015949,0,0.0196704,0,0.131845,0.02605,0,0,0,0.0940989,0.0340245,0.0356194,0,0.00744285,0.00903775,0.00212653,0.00106326,0.00797448,0.00584795,0.0175439,0.0749601,0.0749601,0.0356194,0.00478469,0.00637959,0.00691122,0.0175439,0.062201,0.00372142,0.00265816,0.0132908,0.0845295,0.0313663,0.0393408,0.00691122,0.00584795,0.0148857,0.187666,0.0244551,0.0116959,0.0207337,0.0196704,0.0116959,0.00850611,0.0382775,0.0435938,0.0255183,0.00425306,0.00531632,0.00637959,0.0356194,0.0106326,0.0175439,0.00425306,0.00584795,0.0632642,0.0143541,0.030303,0.0255183,0.0191388,0.0116959,0.00531632,0.00425306,0.00106326,0.00372142,0.00637959,0.0430622,0.0015949,0.00637959,0.0255183,0,0.00318979,0.0015949,0.000531632,0.157363,0.0313663,0,0,0,0,0,0.0643275,0,0.0329612,0,1881,6.33333,0.885699,0.015949,0.015949,0.0212653,0.015949,0,30,0,0
0,0.329612,0.0606061,0.0414673,0.0313663,0.00265816,0.00372142,0.00265816,0,0.0212653,0,0.136629,0.0292398,0,0,0,0.0988836,0.0350877,0.0393408,0.000531632,0.00744285,0.00797448,0.00212653,0.00106326,0.00903775,0.00637959,0.0186071,0.0749601,0.0728336,0.036151,0.00478469,0.00744285,0.00637959,0.0175439,0.0600744,0.00318979,0.00265816,0.0154173,0.0813397,0.0265816,0.0382775,0.00691122,0.00425306,0.0148857,0.197236,0.02605,0.0106326,0.0239234,0.0217969,0.0111643,0.00850611,0.0414673,0.0467836,0.0223285,0.00372142,0.00531632,0.00531632,0.0350877,0.010101,0.0175439,0.00531632,0.00531632,0.0611377,0.0138224,0.0292398,0.0239234,0.0186071,0.010101,0.00584795,0.00318979,0.00106326,0.00372142,0.00691122,0.0441255,0.00212653,0.00691122,0.0217969,0,0.00318979,0.0015949,0.000531632,0.151515,0.0313663,0,0,0,0,0,0.0637959,0,0.0329612,0,1881,6.57692,0.886762,0.015949,0.015949,0.0223285,0.015949,0,30,0,0
0,0.326742,0.0543747,0.0350964,0.0261987,0.00247158,0.00444884,0.000988631,0,0.0217499,0,0.131488,0.0252101,0,0,0,0.0973801,0.0355907,0.0385566,0,0.00741473,0.0103806,0.00197726,0.000988631,0.00939199,0.0064261,0.0222442,0.0716757,0.0790905,0.0355907,0.00346021,0.00790905,0.00889768,0.0153238,0.0612951,0.00247158,0.00247158,0.0138408,0.081562,0.0355907,0.0316362,0.00593178,0.00444884,0.0113693,0.186357,0.0252101,0.0108749,0.0212556,0.0177954,0.0113693,0.00741473,0.037568,0.04696,0.0247158,0.00346021,0.00494315,0.0064261,0.0321305,0.00939199,0.0148295,0.00395452,0.00543747,0.0701928,0.0133465,0.0390509,0.0247158,0.0177954,0.0113693,0.00692042,0.00593178,0.000988631,0.00346021,0.0064261,0.0439941,0.00148295,0.00790905,0.028176,0,0.00296589,0.00148295,0.000988631,0.161147,0.0291646,0,0,0,0,0,0.0593178,0,0.0306476,0,2023,6.18654,0.884825,0.0148295,0.0148295,0.0207612,0.0158181,0,30,0,0
0,0.323372,0.0560299,0.0389541,0.0277481,0.00266809,0.00480256,0.00266809,0,0.0192102,0,0.13127,0.0261473,0,0,0,0.0965848,0.0330843,0.0373533,0.000533618,0.00693703,0.0090715,0.00213447,0.00106724,0.00853789,0.00640342,0.018143,0.076841,0.0736393,0.0378869,0.00533618,0.00640342,0.00693703,0.0192102,0.0661686,0.00266809,0.00266809,0.0149413,0.0832444,0.0325507,0.0368196,0.00693703,0.00480256,0.0138741,0.191035,0.0245464,0.011206,0.022412,0.0208111,0.0117396,0.00800427,0.0378869,0.0453575,0.0256137,0.00426894,0.0058698,0.00640342,0.036286,0.011206,0.0170758,0.00533618,0.00533618,0.0640342,0.0154749,0.0304162,0.0256137,0.0176094,0.0117396,0.0058698,0.00426894,0.00106724,0.00373533,0.00693703,0.0453575,0.00213447,0.00640342,0.0256137,0,0.00373533,0.00160085,0.000533618,0.157417,0.0314835,0,0,0,0,0,0.0640342,0,0.0330843,0,1874,6.33108,0.888474,0.0160085,0.0160085,0.0218783,0.0160085,0,30,0,0
0,0.321543,0.0525188,0.0359057,0.0251876,0.00321543,0.00482315,0.00160772,0,0.0192926,0,0.129153,0.0257235,0,0,0,0.096463,0.0348339,0.0375134,0,0.00696677,0.0091104,0.00214362,0.00107181,0.00857449,0.00589496,0.0182208,0.0755627,0.0766345,0.0359057,0.00482315,0.00643087,0.00696677,0.0176849,0.0632369,0.00267953,0.00267953,0.0144695,0.0836013,0.0316184,0.0380493,0.00803859,0.00535906,0.0133976,0.192926,0.0251876,0.0133976,0.0214362,0.0203644,0.0128617,0.00750268,0.039657,0.0444802,0.0262594,0.00428725,0.00535906,0.00643087,0.0348339,0.0107181,0.017149,0.00428725,0.00535906,0.0637728,0.0144695,0.0300107,0.0262594,0.0176849,0.0117899,0.00535906,0.00428725,0.00107181,0.00428725,0.00643087,0.0444802,0.00160772,0.00643087,0.0262594,0,0.00321543,0.00214362,0.000535906,0.159164,0.0316184,0,0,0,0,0,0.0648446,0,0.0332262,0,1866,6.26174,0.889068,0.0160772,0.0160772,0.0235798,0.0160772,0,30,0,0
0,0.329147,0.0575615,0.0371533,0.0272109,0.00209314,0.003663,0.00261643,0.000523286,0.021978,0,0.133961,0.029304,0,0,0,0.103087,0.0313972,0.0350602,0.000523286,0.00784929,0.00994244,0.00209314,0.00104657,0.00994244,0.00627943,0.018315,0.0701204,0.0675039,0.0397698,0.00418629,0.00837258,0.00941915,0.0177917,0.0669806,0.00261643,0.00313972,0.018315,0.0842491,0.0392465,0.0298273,0.00523286,0.00313972,0.0120356,0.18472,0.0235479,0.00889587,0.025641,0.0214547,0.00994244,0.00627943,0.0361068,0.0455259,0.0225013,0.003663,0.00627943,0.00470958,0.0345369,0.00941915,0.0172684,0.003663,0.00575615,0.0643642,0.0151753,0.0266876,0.0282575,0.0188383,0.0125589,0.00680272,0.00313972,0.00104657,0.00313972,0.00837258,0.0460492,0.00261643,0.00627943,0.0240712,0,0.00261643,0.00156986,0.00156986,0.156986,0.0308739,0,0,0,0,0,0.0627943,0,0.0324437,0,1911,6.34884,0.889063,0.0156986,0.0162219,0.0235479,0.0167452,0,30,0,0
0,0.330141,0.0584677,0.0403226,0.0297379,0.00352823,0.00453629,0.0015121,0,0.0206653,0,0.129536,0.0257056,0,0,0,0.0927419,0.0352823,0.0357863,0,0.00907258,0.00907258,0.00201613,0.00100806,0.00856855,0.00604839,0.0186492,0.0756048,0.077621,0.0357863,0.00403226,0.00705645,0.00756048,0.0171371,0.061996,0.00352823,0.00302419,0.0146169,0.0811492,0.0302419,0.0372984,0.00655242,0.00554435,0.0141129,0.188508,0.0241935,0.0115927,0.0226815,0.0206653,0.0120968,0.00806452,0.0388105,0.0408266,0.0262097,0.00453629,0.00504032,0.00655242,0.0357863,0.0105847,0.0171371,0.00403226,0.00504032,0.0700605,0.0146169,0.0372984,0.0252016,0.0176411,0.0110887,0.00504032,0.00655242,0.00100806,0.00453629,0.00604839,0.0423387,0.0015121,0.00604839,0.0267137,0,0.00302419,0.0015121,0.000504032,0.157258,0.0297379,0,0,0,0,0,0.0609879,0,0.03125,0,1984,6.33866,0.885585,0.015121,0.015121,0.0201613,0.015121,0,30,0,0
0,0.325381,0.0532995,0.0350254,0.0243655,0.0035533,0.00456853,0.00152284,0,0.0208122,0,0.126904,0.0243655,0,0,0,0.0939086,0.0335025,0.0360406,0,0.00812183,0.00964467,0.00203046,0.00101523,0.00913706,0.00659898,0.019797,0.0746193,0.077665,0.0375635,0.00406091,0.0071066,0.00913706,0.0172589,0.064467,0.00253807,0.00304569,0.0147208,0.0832487,0.035533,0.0345178,0.00659898,0.00456853,0.0126904,0.186294,0.0243655,0.0111675,0.0233503,0.019797,0.0121827,0.0071066,0.0375635,0.0411168,0.0258883,0.00456853,0.00507614,0.00659898,0.035533,0.0106599,0.0162437,0.00406091,0.00558376,0.0705584,0.0147208,0.0365482,0.0269036,0.0172589,0.0111675,0.00558376,0.00659898,0.00101523,0.00456853,0.00609137,0.0446701,0.00152284,0.00659898,0.0299492,0,0.00304569,0.00152284,0.00101523,0.161929,0.0299492,0,0,0,0,0,0.0614213,0,0.0314721,0,1970,6.15625,0.887817,0.0152284,0.0152284,0.0203046,0.0152284,0,30,0,0
0,0.322701,0.0579479,0.040404,0.030303,0.00265816,0.00478469,0.0015949,0,0.0196704,0,0.131845,0.02605,0,0,0,0.0940989,0.0340245,0.0356194,0,0.00744285,0.00903775,0.00212653,0.00106326,0.00797448,0.00584795,0.0175439,0.0749601,0.0749601,0.0356194,0.00478469,0.00637959,0.00691122,0.0175439,0.062201,0.00372142,0.00265816,0.0132908,0.0845295,0.0313663,0.0393408,0.00691122,0.00584795,0.0148857,0.187666,0.0244551,0.0116959,0.0207337,0.0196704,0.0116959,0.00850611,0.0382775,0.0435938,0.0255183,0.00425306,0.00531632,0.00637959,0.0356194,0.0106326,0.0175439,0.00425306,0.00584795,0.0632642,0.0143541,0.030303,0.0255183,0.0191388,0.0116959,0.00531632,0.00425306,0.00106326,0.00372142,0.00637959,0.0430622,0.0015949,0.00637959,0.0255183,0,0.00318979,0.0015949,0.000531632,0.157363,0.0313663,0,0,0,0,0,0.0643275,0,0.0329612,0,1881,6.33333,0.885699,0.015949,0.015949,0.0212653,0.015949,0,30,0,0
0,0.331539,0.0548977,0.0382131,0.0274489,0.00322928,0.00376749,0.00269107,0,0.0188375,0,0.134015,0.0312164,0,0,0,0.0995694,0.0355221,0.0414424,0.000538213,0.00645856,0.0080732,0.00215285,0.00107643,0.00914962,0.00645856,0.017761,0.0775027,0.0785791,0.0371367,0.00484392,0.00645856,0.00645856,0.0193757,0.0592034,0.00215285,0.00269107,0.0161464,0.0801938,0.0263724,0.0376749,0.0080732,0.00376749,0.0145318,0.199677,0.0258342,0.0123789,0.0247578,0.0231432,0.0118407,0.0080732,0.0409042,0.0462863,0.0242196,0.00430571,0.00538213,0.00538213,0.0360603,0.0107643,0.0182992,0.00538213,0.00484392,0.0613563,0.0134553,0.0279871,0.0258342,0.0145318,0.010226,0.00538213,0.00322928,0.00107643,0.00430571,0.0080732,0.0462863,0.00161464,0.00699677,0.0215285,0,0.00322928,0.00161464,0.000538213,0.153391,0.0317546,0,0,0,0,0,0.0645856,0,0.0333692,0,1858,6.4965,0.889128,0.0161464,0.0161464,0.0242196,0.0161464,0,30,0,0
0,0.333007,0.0611247,0.0435208,0.0332518,0.00244499,0.00440098,0.00244499,0,0.0195599,0,0.13643,0.0293399,0,0,0,0.0958435,0.0356968,0.0356968,0.000488998,0.00684597,0.00880196,0.00195599,0.000977995,0.00782396,0.00586797,0.0176039,0.0753056,0.0801956,0.0366748,0.00488998,0.00684597,0.00733496,0.0176039,0.0611247,0.00342298,0.00244499,0.0146699,0.0836186,0.0303178,0.0376528,0.00635697,0.00537897,0.0156479,0.186797,0.0239609,0.0107579,0.0224939,0.0210269,0.0112469,0.00831296,0.0371638,0.0444988,0.0264059,0.00488998,0.00537897,0.00586797,0.0361858,0.0107579,0.0176039,0.00488998,0.00537897,0.0660147,0.0136919,0.0337408,0.0254279,0.0156479,0.0107579,0.00586797,0.00635697,0.000977995,0.00342298,0.00733496,0.0444988,0.00195599,0.00635697,0.0249389,0,0.00342298,0.00146699,0.000488998,0.155501,0.0288509,0,0,0,0,0,0.0586797,0,0.0303178,0,2045,6.41066,0.88313,0.0146699,0.0146699,0.0200489,0.0146699,0,30,0,0
0,0.330649,0.0588827,0.0417715,0.0312028,0.00251636,0.00452944,0.00251636,0,0.0191243,0,0.135883,0.029693,0,0,0,0.0951183,0.035229,0.0372421,0.000503271,0.00754907,0.00905888,0.00201309,0.00100654,0.00805234,0.00603926,0.0176145,0.0744841,0.0785103,0.0372421,0.00503271,0.0070458,0.00754907,0.0176145,0.0608958,0.00301963,0.00251636,0.0145949,0.0815299,0.0291897,0.0372421,0.00654253,0.00402617,0.0156014,0.18772,0.024157,0.0105687,0.0226472,0.0216407,0.011072,0.00805234,0.0367388,0.0442879,0.0246603,0.00452944,0.00553598,0.00553598,0.0357323,0.0100654,0.0176145,0.00503271,0.00553598,0.0664318,0.0135883,0.0332159,0.0256668,0.0161047,0.0105687,0.00553598,0.00553598,0.00100654,0.0035229,0.00754907,0.0442879,0.00201309,0.00603926,0.0256668,0,0.00301963,0.00150981,0.000503271,0.154504,0.029693,0,0,0,0,0,0.0603926,0,0.0312028,0,1987,6.4513,0.881731,0.0150981,0.0150981,0.0206341,0.0150981,0,30,0,0
0,0.331009,0.054721,0.0380901,0.0273605,0.00321888,0.00375536,0.0026824,0,0.0193133,0,0.134657,0.0316524,0,0,0,0.0987124,0.0354077,0.0402361,0.000536481,0.00697425,0.00804721,0.00214592,0.00107296,0.00912017,0.00643777,0.0177039,0.0767167,0.0788627,0.0359442,0.00482833,0.00643777,0.00643777,0.0182403,0.0595494,0.00214592,0.0026824,0.0160944,0.0815451,0.026824,0.0380901,0.00804721,0.00375536,0.014485,0.199034,0.0257511,0.0123391,0.0252146,0.0236052,0.0123391,0.00751073,0.0402361,0.0456009,0.0241416,0.00429185,0.00536481,0.00536481,0.0354077,0.0107296,0.0177039,0.00536481,0.00482833,0.0622318,0.0139485,0.02897,0.0252146,0.0155579,0.0101931,0.00536481,0.00321888,0.00107296,0.00429185,0.00804721,0.0456009,0.00160944,0.00643777,0.0214592,0,0.00321888,0.00160944,0.000536481,0.153433,0.0316524,0,0,0,0,0,0.0643777,0,0.0332618,0,1864,6.49477,0.889485,0.0160944,0.0160944,0.0241416,0.0160944,0,30,0,0
0,0.322701,0.0579479,0.040404,0.030303,0.00265816,0.00478469,0.0015949,0,0.0196704,0,0.131845,0.02605,0,0,0,0.0940989,0.0340245,0.0356194,0,0.00744285,0.00903775,0.00212653,0.00106326,0.00797448,0.00584795,0.0175439,0.0749601,0.0749601,0.0356194,0.00478469,0.00637959,0.00691122,0.0175439,0.062201,0.00372142,0.00265816,0.0132908,0.0845295,0.0313663,0.0393408,0.00691122,0.00584795,0.0148857,0.187666,0.0244551,0.0116959,0.0207337,0.0196704,0.0116959,0.00850611,0.0382775,0.0435938,0.0255183,0.00425306,0.00531632,0.00637959,0.0356194,0.0106326,0.0175439,0.00425306,0.00584795,0.0632642,0.0143541,0.030303,0.0255183,0.0191388,0.0116959,0.00531632,0.00425306,0.00106326,0.00372142,0.00637959,0.0430622,0.0015949,0.00637959,0.0255183,0,0.00318979,0.0015949,0.000531632,0.157363,0.0313663,0,0,0,0,0,0.0643275,0,0.0329612,0,1881,6.33333,0.885699,0.015949,0.015949,0.0212653,0.015949,0,30,0,0
0,0.339939,0.0630081,0.0406504,0.0315041,0.00304878,0.00355691,0.00101626,0.00050813,0.0243902,0,0.140244,0.0345528,0,0,0,0.0945122,0.0365854,0.0340447,0,0.00965447,0.00965447,0.00203252,0.00101626,0.00863821,0.00711382,0.0198171,0.0696138,0.0721545,0.0340447,0.00304878,0.00863821,0.00660569,0.015752,0.066565,0.00406504,0.00304878,0.0198171,0.0863821,0.035061,0.0345528,0.00558943,0.00558943,0.0132114,0.189024,0.0243902,0.00914634,0.0304878,0.0223577,0.0121951,0.00813008,0.0360772,0.0436992,0.0228659,0.00406504,0.0050813,0.0050813,0.0304878,0.0101626,0.0142276,0.00254065,0.0050813,0.0625,0.0147358,0.0304878,0.0238821,0.0208333,0.0127033,0.00660569,0.00406504,0.00101626,0.00304878,0.0050813,0.0442073,0.00152439,0.00711382,0.0238821,0,0.00254065,0.00152439,0,0.151423,0.0299797,0,0,0,0,0,0.0614837,0,0.0315041,0,1968,6.58194,0.885163,0.0152439,0.0152439,0.0208333,0.0152439,0,30,0,0
0,0.331539,0.0548977,0.0382131,0.0274489,0.00322928,0.00376749,0.00269107,0,0.0188375,0,0.134015,0.0312164,0,0,0,0.0995694,0.0355221,0.0414424,0.000538213,0.00645856,0.0080732,0.00215285,0.00107643,0.00914962,0.00645856,0.017761,0.0775027,0.0785791,0.0371367,0.00484392,0.00645856,0.00645856,0.0193757,0.0592034,0.00215285,0.00269107,0.0161464,0.0801938,0.0263724,0.0376749,0.0080732,0.00376749,0.0145318,0.199677,0.0258342,0.0123789,0.0247578,0.0231432,0.0118407,0.0080732,0.0409042,0.0462863,0.0242196,0.00430571,0.00538213,0.00538213,0.0360603,0.0107643,0.0182992,0.00538213,0.00484392,0.0613563,0.0134553,0.0279871,0.0258342,0.0145318,0.010226,0.00538213,0.00322928,0.00107643,0.00430571,0.0080732,0.0462863,0.00161464,0.00699677,0.0215285,0,0.00322928,0.00161464,0.000538213,0.153391,0.0317546,0,0,0,0,0,0.0645856,0,0.0333692,0,1858,6.4965,0.889128,0.0161464,0.0161464,0.0242196,0.0161464,0,30,0,0
0,0.332496,0.061778,0.0441989,0.0336514,0.0025113,0.00452034,0.0025113,0,0.0190859,0,0.136615,0.0301356,0,0,0,0.0974385,0.0351582,0.0361627,0.00050226,0.00703164,0.00853842,0.00200904,0.00100452,0.00803616,0.00602712,0.0170768,0.0758413,0.0783526,0.0361627,0.0050226,0.00652938,0.00652938,0.0180814,0.0627825,0.00351582,0.0025113,0.0145655,0.0858865,0.0311401,0.038674,0.00652938,0.00552486,0.0155701,0.189854,0.0246107,0.0110497,0.023104,0.0226017,0.0105475,0.00853842,0.0376695,0.0452034,0.0256153,0.00452034,0.00552486,0.00602712,0.036665,0.0110497,0.0175791,0.0050226,0.00552486,0.0622803,0.0140633,0.0291311,0.0261175,0.0165746,0.0110497,0.00602712,0.00401808,0.00100452,0.00351582,0.0075339,0.0441989,0.00200904,0.00652938,0.0246107,0,0.00351582,0.00150678,0.00050226,0.154696,0.0296334,0,0,0,0,0,0.0602712,0,0.0311401,0,1991,6.44337,0.885485,0.0150678,0.0150678,0.0205927,0.0150678,0,30,0,0
0,0.326584,0.0597092,0.0404984,0.0306334,0.00259605,0.0046729,0.00155763,0,0.0212876,0,0.133437,0.0275182,0,0,0,0.0976116,0.0342679,0.0363448,0,0.00726895,0.00882658,0.00207684,0.00103842,0.00830737,0.00571132,0.0186916,0.0747664,0.0752856,0.0347871,0.00363448,0.00726895,0.00674974,0.017134,0.0623053,0.00363448,0.00259605,0.0140187,0.0841121,0.0306334,0.0373832,0.00674974,0.00571132,0.0134995,0.192627,0.0254413,0.0114226,0.0218069,0.0207684,0.0114226,0.00830737,0.0404984,0.0451713,0.0238837,0.00311526,0.00519211,0.00623053,0.0342679,0.00986501,0.0166147,0.00415369,0.00519211,0.0617861,0.0140187,0.0285566,0.0259605,0.0202492,0.0114226,0.00623053,0.00415369,0.00103842,0.00363448,0.00623053,0.0436137,0.00207684,0.00726895,0.0259605,0,0.00311526,0.00207684,0.000519211,0.155763,0.0306334,0,0,0,0,0,0.0628245,0,0.0321911,0,1926,6.39867,0.886812,0.0155763,0.0155763,0.0212876,0.0155763,0,30,0,0
0,0.331539,0.0548977,0.0382131,0.0274489,0.00322928,0.00376749,0.00269107,0,0.0188375,0,0.134015,0.0312164,0,0,0,0.0995694,0.0355221,0.0414424,0.000538213,0.00645856,0.0080732,0.00215285,0.00107643,0.00914962,0.00645856,0.017761,0.0775027,0.0785791,0.0371367,0.00484392,0.00645856,0.00645856,0.0193757,0.0592034,0.00215285,0.00269107,0.0161464,0.0801938,0.0263724,0.0376749,0.0080732,0.00376749,0.0145318,0.199677,0.0258342,0.0123789,0.0247578,0.0231432,0.0118407,0.0080732,0.0409042,0.0462863,0.0242196,0.00430571,0.00538213,0.00538213,0.0360603,0.0107643,0.0182992,0.00538213,0.00484392,0.0613563,0.0134553,0.0279871,0.0258342,0.0145318,0.010226,0.00538213,0.00322928,0.00107643,0.00430571,0.0080732,0.0462863,0.00161464,0.00699677,0.0215285,0,0.00322928,0.00161464,0.000538213,0.153391,0.0317546,0,0,0,0,0,0.0645856,0,0.0333692,0,1858,6.4965,0.889128,0.0161464,0.0161464,0.0242196,0.0161464,0,30,0,0
0,0.331539,0.0548977,0.0382131,0.0274489,0.00322928,0.00376749,0.00269107,0,0.0188375,0,0.134015,0.0312164,0,0,0,0.0995694,0.0355221,0.0414424,0.000538213,0.00645856,0.0080732,0.00215285,0.00107643,0.00914962,0.00645856,0.017761,0.0775027,0.0785791,0.0371367,0.00484392,0.00645856,0.00645856,0.0193757,0.0592034,0.00215285,0.00269107,0.0161464,0.0801938,0.0263724,0.0376749,0.0080732,0.00376749,0.0145318,0.199677,0.0258342,0.0123789,0.0247578,0.0231432,0.0118407,0.0080732,0.0409042,0.0462863,0.0242196,0.00430571,0.00538213,0.00538213,0.0360603,0.0107643,0.0182992,0.00538213,0.00484392,0.0613563,0.0134553,0.0279871,0.0258342,0.0145318,0.010226,0.00538213,0.00322928,0.00107643,0.00430571,0.0080732,0.0462863,0.00161464,0.00699677,0.0215285,0,0.00322928,0.00161464,0.000538213,0.153391,0.0317546,0,0,0,0,0,0.0645856,0,0.0333692,0,1858,6.4965,0.889128,0.0161464,0.0161464,0.0242196,0.0161464,0,30,0,0
